/*
SQLyog Ultimate v11.33 (64 bit)
MySQL - 5.7.34 : Database - ry-cloud
*********************************************************************
*/

/*!40101 SET NAMES utf8 */;

/*!40101 SET SQL_MODE=''*/;

/*!40014 SET @OLD_UNIQUE_CHECKS=@@UNIQUE_CHECKS, UNIQUE_CHECKS=0 */;
/*!40014 SET @OLD_FOREIGN_KEY_CHECKS=@@FOREIGN_KEY_CHECKS, FOREIGN_KEY_CHECKS=0 */;
/*!40101 SET @OLD_SQL_MODE=@@SQL_MODE, SQL_MODE='NO_AUTO_VALUE_ON_ZERO' */;
/*!40111 SET @OLD_SQL_NOTES=@@SQL_NOTES, SQL_NOTES=0 */;
CREATE DATABASE /*!32312 IF NOT EXISTS*/`ry-cloud` /*!40100 DEFAULT CHARACTER SET utf8mb4 COLLATE utf8mb4_unicode_ci */;

USE `ry-cloud`;

/*Table structure for table `gen_table` */

DROP TABLE IF EXISTS `gen_table`;

CREATE TABLE `gen_table` (
  `table_id` bigint(20) NOT NULL AUTO_INCREMENT COMMENT 'ç¼–å·',
  `table_name` varchar(200) DEFAULT '' COMMENT 'è¡¨åç§°',
  `table_comment` varchar(500) DEFAULT '' COMMENT 'è¡¨æè¿°',
  `sub_table_name` varchar(64) DEFAULT NULL COMMENT 'å…³è”å­è¡¨çš„è¡¨å',
  `sub_table_fk_name` varchar(64) DEFAULT NULL COMMENT 'å­è¡¨å…³è”çš„å¤–é”®å',
  `class_name` varchar(100) DEFAULT '' COMMENT 'å®ä½“ç±»åç§°',
  `tpl_category` varchar(200) DEFAULT 'crud' COMMENT 'ä½¿ç”¨çš„æ¨¡æ¿ï¼ˆcrudå•è¡¨æ“ä½œ treeæ ‘è¡¨æ“ä½œï¼‰',
  `package_name` varchar(100) DEFAULT NULL COMMENT 'ç”ŸæˆåŒ…è·¯å¾„',
  `module_name` varchar(30) DEFAULT NULL COMMENT 'ç”Ÿæˆæ¨¡å—å',
  `business_name` varchar(30) DEFAULT NULL COMMENT 'ç”Ÿæˆä¸šåŠ¡å',
  `function_name` varchar(50) DEFAULT NULL COMMENT 'ç”ŸæˆåŠŸèƒ½å',
  `function_author` varchar(50) DEFAULT NULL COMMENT 'ç”ŸæˆåŠŸèƒ½ä½œè€…',
  `gen_type` char(1) DEFAULT '0' COMMENT 'ç”Ÿæˆä»£ç æ–¹å¼ï¼ˆ0zipå‹ç¼©åŒ… 1è‡ªå®šä¹‰è·¯å¾„ï¼‰',
  `gen_path` varchar(200) DEFAULT '/' COMMENT 'ç”Ÿæˆè·¯å¾„ï¼ˆä¸å¡«é»˜è®¤é¡¹ç›®è·¯å¾„ï¼‰',
  `options` varchar(1000) DEFAULT NULL COMMENT 'å…¶å®ƒç”Ÿæˆé€‰é¡¹',
  `create_by` varchar(64) DEFAULT '' COMMENT 'åˆ›å»ºè€…',
  `create_time` datetime DEFAULT NULL COMMENT 'åˆ›å»ºæ—¶é—´',
  `update_by` varchar(64) DEFAULT '' COMMENT 'æ›´æ–°è€…',
  `update_time` datetime DEFAULT NULL COMMENT 'æ›´æ–°æ—¶é—´',
  `remark` varchar(500) DEFAULT NULL COMMENT 'å¤‡æ³¨',
  PRIMARY KEY (`table_id`)
) ENGINE=InnoDB AUTO_INCREMENT=38 DEFAULT CHARSET=utf8 COMMENT='ä»£ç ç”Ÿæˆä¸šåŠ¡è¡¨';

/*Data for the table `gen_table` */

insert  into `gen_table`(`table_id`,`table_name`,`table_comment`,`sub_table_name`,`sub_table_fk_name`,`class_name`,`tpl_category`,`package_name`,`module_name`,`business_name`,`function_name`,`function_author`,`gen_type`,`gen_path`,`options`,`create_by`,`create_time`,`update_by`,`update_time`,`remark`) values (31,'wms_sale_order','é”€å”®è®¢å•è¡¨',NULL,NULL,'SaleOrder','crud','com.wms.oms','oms','order','é”€å”®è®¢å•','zzm','0','/',NULL,'admin','2021-05-16 06:08:40','',NULL,NULL),(32,'wms_sale_order_item','é”€å”®è®¢å•æ˜ç»†è¡¨',NULL,NULL,'SaleOrderItem','crud','com.wms.oms','oms','item','é”€å”®è®¢å•æ˜ç»†','zzm','0','/',NULL,'admin','2021-05-16 06:34:32','',NULL,NULL),(34,'wms_inventory','åº“å­˜ä¿¡æ¯è¡¨',NULL,NULL,'Inventory','crud','com.wms.oms','oms','inventory','åº“å­˜ä¿¡æ¯','zzm','0','/',NULL,'admin','2021-05-16 06:41:05','',NULL,NULL),(36,'wms_inventory_log','åº“å­˜æ“ä½œæ—¥å¿—è¡¨',NULL,NULL,'InventoryLog','crud','com.wms.oms','oms','log','åº“å­˜æ“ä½œæ—¥å¿—','zzm','0','/',NULL,'admin','2021-05-16 06:52:17','',NULL,NULL),(37,'wms_purchase_order','é‡‡è´­è®¢å•è¡¨',NULL,NULL,'PurchaseOrder','crud','com.wms.oms','oms','order','é‡‡è´­è®¢å•','zzm','0','/',NULL,'admin','2021-05-18 16:55:39','',NULL,NULL);

/*Table structure for table `gen_table_column` */

DROP TABLE IF EXISTS `gen_table_column`;

CREATE TABLE `gen_table_column` (
  `column_id` bigint(20) NOT NULL AUTO_INCREMENT COMMENT 'ç¼–å·',
  `table_id` varchar(64) DEFAULT NULL COMMENT 'å½’å±è¡¨ç¼–å·',
  `column_name` varchar(200) DEFAULT NULL COMMENT 'åˆ—åç§°',
  `column_comment` varchar(500) DEFAULT NULL COMMENT 'åˆ—æè¿°',
  `column_type` varchar(100) DEFAULT NULL COMMENT 'åˆ—ç±»å‹',
  `java_type` varchar(500) DEFAULT NULL COMMENT 'JAVAç±»å‹',
  `java_field` varchar(200) DEFAULT NULL COMMENT 'JAVAå­—æ®µå',
  `is_pk` char(1) DEFAULT NULL COMMENT 'æ˜¯å¦ä¸»é”®ï¼ˆ1æ˜¯ï¼‰',
  `is_increment` char(1) DEFAULT NULL COMMENT 'æ˜¯å¦è‡ªå¢ï¼ˆ1æ˜¯ï¼‰',
  `is_required` char(1) DEFAULT NULL COMMENT 'æ˜¯å¦å¿…å¡«ï¼ˆ1æ˜¯ï¼‰',
  `is_insert` char(1) DEFAULT NULL COMMENT 'æ˜¯å¦ä¸ºæ’å…¥å­—æ®µï¼ˆ1æ˜¯ï¼‰',
  `is_edit` char(1) DEFAULT NULL COMMENT 'æ˜¯å¦ç¼–è¾‘å­—æ®µï¼ˆ1æ˜¯ï¼‰',
  `is_list` char(1) DEFAULT NULL COMMENT 'æ˜¯å¦åˆ—è¡¨å­—æ®µï¼ˆ1æ˜¯ï¼‰',
  `is_query` char(1) DEFAULT NULL COMMENT 'æ˜¯å¦æŸ¥è¯¢å­—æ®µï¼ˆ1æ˜¯ï¼‰',
  `query_type` varchar(200) DEFAULT 'EQ' COMMENT 'æŸ¥è¯¢æ–¹å¼ï¼ˆç­‰äºã€ä¸ç­‰äºã€å¤§äºã€å°äºã€èŒƒå›´ï¼‰',
  `html_type` varchar(200) DEFAULT NULL COMMENT 'æ˜¾ç¤ºç±»å‹ï¼ˆæ–‡æœ¬æ¡†ã€æ–‡æœ¬åŸŸã€ä¸‹æ‹‰æ¡†ã€å¤é€‰æ¡†ã€å•é€‰æ¡†ã€æ—¥æœŸæ§ä»¶ï¼‰',
  `dict_type` varchar(200) DEFAULT '' COMMENT 'å­—å…¸ç±»å‹',
  `sort` int(11) DEFAULT NULL COMMENT 'æ’åº',
  `create_by` varchar(64) DEFAULT '' COMMENT 'åˆ›å»ºè€…',
  `create_time` datetime DEFAULT NULL COMMENT 'åˆ›å»ºæ—¶é—´',
  `update_by` varchar(64) DEFAULT '' COMMENT 'æ›´æ–°è€…',
  `update_time` datetime DEFAULT NULL COMMENT 'æ›´æ–°æ—¶é—´',
  PRIMARY KEY (`column_id`)
) ENGINE=InnoDB AUTO_INCREMENT=470 DEFAULT CHARSET=utf8 COMMENT='ä»£ç ç”Ÿæˆä¸šåŠ¡è¡¨å­—æ®µ';

/*Data for the table `gen_table_column` */

insert  into `gen_table_column`(`column_id`,`table_id`,`column_name`,`column_comment`,`column_type`,`java_type`,`java_field`,`is_pk`,`is_increment`,`is_required`,`is_insert`,`is_edit`,`is_list`,`is_query`,`query_type`,`html_type`,`dict_type`,`sort`,`create_by`,`create_time`,`update_by`,`update_time`) values (373,'31','id','ID','bigint(20)','Long','id','1','1',NULL,'1',NULL,NULL,NULL,'EQ','input','',1,'admin','2021-05-16 06:08:40','',NULL),(374,'31','sn','é”€å”®å•ç¼–å·','varchar(64)','String','sn','0','0','1','1','1','1','1','EQ','input','',2,'admin','2021-05-16 06:08:40','',NULL),(375,'31','customer_id','å®¢æˆ·id','int(11)','Long','customerId','0','0',NULL,'1','1','1','1','EQ','input','',3,'admin','2021-05-16 06:08:40','',NULL),(376,'31','worker_id','é”€å”®äººid','int(11)','Long','workerId','0','0',NULL,'1','1','1','1','EQ','input','',4,'admin','2021-05-16 06:08:40','',NULL),(377,'31','bill_date','å•æ®æ—¥æœŸ','datetime','Date','billDate','0','0',NULL,'1','1','1','1','EQ','datetime','',5,'admin','2021-05-16 06:08:40','',NULL),(378,'31','address','å®¢æˆ·åœ°å€','varchar(500)','String','address','0','0',NULL,'1','1','1','1','EQ','textarea','',6,'admin','2021-05-16 06:08:40','',NULL),(379,'31','inventory_type','1-é”€å”®å‡ºåº“','varchar(8)','String','inventoryType','0','0',NULL,'1','1','1','1','EQ','select','',7,'admin','2021-05-16 06:08:40','',NULL),(380,'31','discount_rate','ä¼˜æƒ ç‡','decimal(20,6)','BigDecimal','discountRate','0','0',NULL,'1','1','1','1','EQ','input','',8,'admin','2021-05-16 06:08:40','',NULL),(381,'31','discount_amount','ä¼˜æƒ é‡‘é¢','decimal(20,6)','BigDecimal','discountAmount','0','0',NULL,'1','1','1','1','EQ','input','',9,'admin','2021-05-16 06:08:40','',NULL),(382,'31','total_amount','åˆè®¡é‡‘é¢','decimal(20,6)','BigDecimal','totalAmount','0','0',NULL,'1','1','1','1','EQ','input','',10,'admin','2021-05-16 06:08:40','',NULL),(383,'31','del_flag','åˆ é™¤æ ‡å¿—ï¼ˆ0ä»£è¡¨å­˜åœ¨ 1ä»£è¡¨åˆ é™¤ï¼‰','bit(1)','String','delFlag','0','0',NULL,'1',NULL,NULL,NULL,'EQ',NULL,'',11,'admin','2021-05-16 06:08:40','',NULL),(384,'31','tenant_id','ç§Ÿæˆ·ID','bigint(20)','Long','tenantId','0','0',NULL,'1','1','1','1','EQ','input','',12,'admin','2021-05-16 06:08:40','',NULL),(385,'31','create_by','åˆ›å»ºè€…','varchar(64)','String','createBy','0','0',NULL,'1',NULL,NULL,NULL,'EQ','input','',13,'admin','2021-05-16 06:08:40','',NULL),(386,'31','create_time','åˆ›å»ºæ—¶é—´','datetime','Date','createTime','0','0',NULL,'1',NULL,NULL,NULL,'EQ','datetime','',14,'admin','2021-05-16 06:08:40','',NULL),(387,'31','update_by','æ›´æ–°è€…','varchar(64)','String','updateBy','0','0',NULL,'1','1',NULL,NULL,'EQ','input','',15,'admin','2021-05-16 06:08:40','',NULL),(388,'31','update_time','æ›´æ–°æ—¶é—´','datetime','Date','updateTime','0','0',NULL,'1','1',NULL,NULL,'EQ','datetime','',16,'admin','2021-05-16 06:08:40','',NULL),(389,'31','remark','å¤‡æ³¨','varchar(500)','String','remark','0','0',NULL,'1','1','1',NULL,'EQ','textarea','',17,'admin','2021-05-16 06:08:40','',NULL),(390,'32','id','ID','bigint(20)','Long','id','1','0',NULL,'1',NULL,NULL,NULL,'EQ','input','',1,'admin','2021-05-16 06:34:32','',NULL),(391,'32','sale_order_id','é”€å”®è®¢å•ä¸»è¡¨id','int(11)','Long','saleOrderId','0','0',NULL,'1','1','1','1','EQ','input','',2,'admin','2021-05-16 06:34:32','',NULL),(392,'32','product_id','å•†å“id','int(11)','Long','productId','0','0',NULL,'1','1','1','1','EQ','input','',3,'admin','2021-05-16 06:34:32','',NULL),(393,'32','warehouse_id','ä»“åº“id','int(11)','Long','warehouseId','0','0',NULL,'1','1','1','1','EQ','input','',4,'admin','2021-05-16 06:34:32','',NULL),(394,'32','price','é”€å”®å•ä»·','decimal(20,6)','BigDecimal','price','0','0',NULL,'1','1','1','1','EQ','input','',5,'admin','2021-05-16 06:34:32','',NULL),(395,'32','qty','é”€å”®æ•°é‡','decimal(20,6)','BigDecimal','qty','0','0',NULL,'1','1','1','1','EQ','input','',6,'admin','2021-05-16 06:34:32','',NULL),(396,'32','discount_rate','ä¼˜æƒ ç‡','decimal(20,6)','BigDecimal','discountRate','0','0',NULL,'1','1','1','1','EQ','input','',7,'admin','2021-05-16 06:34:32','',NULL),(397,'32','discount_amount','ä¼˜æƒ é‡‘é¢','decimal(20,6)','BigDecimal','discountAmount','0','0',NULL,'1','1','1','1','EQ','input','',8,'admin','2021-05-16 06:34:32','',NULL),(398,'32','amount','é‡‘é¢','decimal(20,6)','BigDecimal','amount','0','0',NULL,'1','1','1','1','EQ','input','',9,'admin','2021-05-16 06:34:32','',NULL),(399,'32','memo','å¤‡æ³¨','varchar(500)','String','memo','0','0',NULL,'1','1','1','1','EQ','textarea','',10,'admin','2021-05-16 06:34:32','',NULL),(400,'32','del_flag','åˆ é™¤æ ‡å¿—ï¼ˆ0ä»£è¡¨å­˜åœ¨ 1ä»£è¡¨åˆ é™¤ï¼‰','bit(1)','String','delFlag','0','0',NULL,'1',NULL,NULL,NULL,'EQ',NULL,'',11,'admin','2021-05-16 06:34:32','',NULL),(401,'32','tenant_id','ç§Ÿæˆ·ID','bigint(20)','Long','tenantId','0','0',NULL,'1','1','1','1','EQ','input','',12,'admin','2021-05-16 06:34:32','',NULL),(402,'32','create_by','åˆ›å»ºè€…','varchar(64)','String','createBy','0','0',NULL,'1',NULL,NULL,NULL,'EQ','input','',13,'admin','2021-05-16 06:34:32','',NULL),(403,'32','create_time','åˆ›å»ºæ—¶é—´','datetime','Date','createTime','0','0',NULL,'1',NULL,NULL,NULL,'EQ','datetime','',14,'admin','2021-05-16 06:34:32','',NULL),(404,'32','update_by','æ›´æ–°è€…','varchar(64)','String','updateBy','0','0',NULL,'1','1',NULL,NULL,'EQ','input','',15,'admin','2021-05-16 06:34:32','',NULL),(405,'32','update_time','æ›´æ–°æ—¶é—´','datetime','Date','updateTime','0','0',NULL,'1','1',NULL,NULL,'EQ','datetime','',16,'admin','2021-05-16 06:34:32','',NULL),(406,'32','remark','å¤‡æ³¨','varchar(500)','String','remark','0','0',NULL,'1','1','1',NULL,'EQ','textarea','',17,'admin','2021-05-16 06:34:32','',NULL),(417,'34','id','ID','bigint(20)','Long','id','1','1',NULL,'1',NULL,NULL,NULL,'EQ','input','',1,'admin','2021-05-16 06:41:05','',NULL),(418,'34','sku_id','skuId','int(11)','Long','skuId','0','0',NULL,'1','1','1','1','EQ','input','',2,'admin','2021-05-16 06:41:05','',NULL),(419,'34','warehouse_id','ä»“åº“id','int(11)','Long','warehouseId','0','0',NULL,'1','1','1','1','EQ','input','',3,'admin','2021-05-16 06:41:05','',NULL),(420,'34','qty','åº“å­˜æ•°é‡','decimal(20,6)','BigDecimal','qty','0','0',NULL,'1','1','1','1','EQ','input','',4,'admin','2021-05-16 06:41:05','',NULL),(421,'34','del_flag','åˆ é™¤æ ‡å¿—ï¼ˆ0ä»£è¡¨å­˜åœ¨ 1ä»£è¡¨åˆ é™¤ï¼‰','bit(1)','String','delFlag','0','0',NULL,'1',NULL,NULL,NULL,'EQ',NULL,'',5,'admin','2021-05-16 06:41:05','',NULL),(422,'34','tenant_id','ç§Ÿæˆ·ID','bigint(20)','Long','tenantId','0','0',NULL,'1','1','1','1','EQ','input','',6,'admin','2021-05-16 06:41:05','',NULL),(423,'34','create_by','åˆ›å»ºè€…','varchar(64)','String','createBy','0','0',NULL,'1',NULL,NULL,NULL,'EQ','input','',7,'admin','2021-05-16 06:41:05','',NULL),(424,'34','create_time','åˆ›å»ºæ—¶é—´','datetime','Date','createTime','0','0',NULL,'1',NULL,NULL,NULL,'EQ','datetime','',8,'admin','2021-05-16 06:41:05','',NULL),(425,'34','update_by','æ›´æ–°è€…','varchar(64)','String','updateBy','0','0',NULL,'1','1',NULL,NULL,'EQ','input','',9,'admin','2021-05-16 06:41:05','',NULL),(426,'34','update_time','æ›´æ–°æ—¶é—´','datetime','Date','updateTime','0','0',NULL,'1','1',NULL,NULL,'EQ','datetime','',10,'admin','2021-05-16 06:41:05','',NULL),(427,'34','remark','å¤‡æ³¨','varchar(500)','String','remark','0','0',NULL,'1','1','1',NULL,'EQ','textarea','',11,'admin','2021-05-16 06:41:05','',NULL),(441,'36','id','ID','bigint(20)','Long','id','1','1',NULL,'1',NULL,NULL,NULL,'EQ','input','',1,'admin','2021-05-16 06:52:17','',NULL),(442,'36','sn','å•å·','varchar(64)','String','sn','0','0','1','1','1','1','1','EQ','input','',2,'admin','2021-05-16 06:52:17','',NULL),(443,'36','warehouse_id','ä»“åº“id','int(11)','Long','warehouseId','0','0',NULL,'1','1','1','1','EQ','input','',3,'admin','2021-05-16 06:52:17','',NULL),(444,'36','inventory_type','åº“å­˜å˜åŠ¨ç±»å‹(0-é‡‡è´­å…¥åº“,1-é”€å”®å‡ºåº“,2-è°ƒæ‹¨å…¥åº“,3-è°ƒæ‹¨å‡ºåº“,4-ç›˜ç›ˆå…¥åº“,5-ç›˜äºå‡ºåº“)','varchar(8)','String','inventoryType','0','0',NULL,'1','1','1','1','EQ','select','',4,'admin','2021-05-16 06:52:17','',NULL),(445,'36','sku_id','å•†å“skuId','int(11)','Long','skuId','0','0',NULL,'1','1','1','1','EQ','input','',5,'admin','2021-05-16 06:52:17','',NULL),(446,'36','qty','åº“å­˜æ•°é‡','decimal(20,6)','BigDecimal','qty','0','0',NULL,'1','1','1','1','EQ','input','',6,'admin','2021-05-16 06:52:17','',NULL),(447,'36','del_flag','åˆ é™¤æ ‡å¿—ï¼ˆ0ä»£è¡¨å­˜åœ¨ 1ä»£è¡¨åˆ é™¤ï¼‰','bit(1)','String','delFlag','0','0',NULL,'1',NULL,NULL,NULL,'EQ',NULL,'',7,'admin','2021-05-16 06:52:17','',NULL),(448,'36','tenant_id','ç§Ÿæˆ·ID','bigint(20)','Long','tenantId','0','0',NULL,'1','1','1','1','EQ','input','',8,'admin','2021-05-16 06:52:17','',NULL),(449,'36','create_by','åˆ›å»ºè€…','varchar(64)','String','createBy','0','0',NULL,'1',NULL,NULL,NULL,'EQ','input','',9,'admin','2021-05-16 06:52:17','',NULL),(450,'36','create_time','åˆ›å»ºæ—¶é—´','datetime','Date','createTime','0','0',NULL,'1',NULL,NULL,NULL,'EQ','datetime','',10,'admin','2021-05-16 06:52:17','',NULL),(451,'36','update_by','æ›´æ–°è€…','varchar(64)','String','updateBy','0','0',NULL,'1','1',NULL,NULL,'EQ','input','',11,'admin','2021-05-16 06:52:17','',NULL),(452,'36','update_time','æ›´æ–°æ—¶é—´','datetime','Date','updateTime','0','0',NULL,'1','1',NULL,NULL,'EQ','datetime','',12,'admin','2021-05-16 06:52:17','',NULL),(453,'36','remark','å¤‡æ³¨','varchar(500)','String','remark','0','0',NULL,'1','1','1',NULL,'EQ','textarea','',13,'admin','2021-05-16 06:52:17','',NULL),(454,'37','id','ID','bigint(20)','Long','id','1','1',NULL,'1',NULL,NULL,NULL,'EQ','input','',1,'admin','2021-05-18 16:55:39','',NULL),(455,'37','sn','é‡‡è´­è®¢å•ç¼–å·','varchar(64)','String','sn','0','0','1','1','1','1','1','EQ','input','',2,'admin','2021-05-18 16:55:39','',NULL),(456,'37','supplier_id','ä¾›åº”å•†id','int(11)','Long','supplierId','0','0',NULL,'1','1','1','1','EQ','input','',3,'admin','2021-05-18 16:55:39','',NULL),(457,'37','buy_date','è´­è´§æ—¥æœŸ','datetime','Date','buyDate','0','0',NULL,'1','1','1','1','EQ','datetime','',4,'admin','2021-05-18 16:55:39','',NULL),(458,'37','bill_date','å•æ®æ—¥æœŸ','datetime','Date','billDate','0','0',NULL,'1','1','1','1','EQ','datetime','',5,'admin','2021-05-18 16:55:39','',NULL),(459,'37','inventory_type','0-é‡‡è´­å…¥åº“,6-é‡‡è´­é€€è´§','varchar(8)','String','inventoryType','0','0',NULL,'1','1','1','1','EQ','select','',6,'admin','2021-05-18 16:55:39','',NULL),(460,'37','discount_rate','ä¼˜æƒ ç‡','decimal(20,6)','BigDecimal','discountRate','0','0',NULL,'1','1','1','1','EQ','input','',7,'admin','2021-05-18 16:55:39','',NULL),(461,'37','discount_amount','ä¼˜æƒ é‡‘é¢','decimal(20,6)','BigDecimal','discountAmount','0','0',NULL,'1','1','1','1','EQ','input','',8,'admin','2021-05-18 16:55:40','',NULL),(462,'37','total_amount','åˆè®¡é‡‘é¢','decimal(20,6)','BigDecimal','totalAmount','0','0',NULL,'1','1','1','1','EQ','input','',9,'admin','2021-05-18 16:55:40','',NULL),(463,'37','del_flag','åˆ é™¤æ ‡å¿—ï¼ˆ0ä»£è¡¨å­˜åœ¨ 1ä»£è¡¨åˆ é™¤ï¼‰','bit(1)','String','delFlag','0','0',NULL,'1',NULL,NULL,NULL,'EQ',NULL,'',10,'admin','2021-05-18 16:55:40','',NULL),(464,'37','tenant_id','ç§Ÿæˆ·ID','bigint(20)','Long','tenantId','0','0',NULL,'1','1','1','1','EQ','input','',11,'admin','2021-05-18 16:55:40','',NULL),(465,'37','create_by','åˆ›å»ºè€…','varchar(64)','String','createBy','0','0',NULL,'1',NULL,NULL,NULL,'EQ','input','',12,'admin','2021-05-18 16:55:40','',NULL),(466,'37','create_time','åˆ›å»ºæ—¶é—´','datetime','Date','createTime','0','0',NULL,'1',NULL,NULL,NULL,'EQ','datetime','',13,'admin','2021-05-18 16:55:40','',NULL),(467,'37','update_by','æ›´æ–°è€…','varchar(64)','String','updateBy','0','0',NULL,'1','1',NULL,NULL,'EQ','input','',14,'admin','2021-05-18 16:55:40','',NULL),(468,'37','update_time','æ›´æ–°æ—¶é—´','datetime','Date','updateTime','0','0',NULL,'1','1',NULL,NULL,'EQ','datetime','',15,'admin','2021-05-18 16:55:40','',NULL),(469,'37','remark','å¤‡æ³¨','varchar(500)','String','remark','0','0',NULL,'1','1','1',NULL,'EQ','textarea','',16,'admin','2021-05-18 16:55:40','',NULL);

/*Table structure for table `qrtz_blob_triggers` */

DROP TABLE IF EXISTS `qrtz_blob_triggers`;

CREATE TABLE `qrtz_blob_triggers` (
  `sched_name` varchar(120) NOT NULL,
  `trigger_name` varchar(200) NOT NULL,
  `trigger_group` varchar(200) NOT NULL,
  `blob_data` blob,
  PRIMARY KEY (`sched_name`,`trigger_name`,`trigger_group`),
  CONSTRAINT `qrtz_blob_triggers_ibfk_1` FOREIGN KEY (`sched_name`, `trigger_name`, `trigger_group`) REFERENCES `qrtz_triggers` (`sched_name`, `trigger_name`, `trigger_group`)
) ENGINE=InnoDB DEFAULT CHARSET=utf8;

/*Data for the table `qrtz_blob_triggers` */

/*Table structure for table `qrtz_calendars` */

DROP TABLE IF EXISTS `qrtz_calendars`;

CREATE TABLE `qrtz_calendars` (
  `sched_name` varchar(120) NOT NULL,
  `calendar_name` varchar(200) NOT NULL,
  `calendar` blob NOT NULL,
  PRIMARY KEY (`sched_name`,`calendar_name`)
) ENGINE=InnoDB DEFAULT CHARSET=utf8;

/*Data for the table `qrtz_calendars` */

/*Table structure for table `qrtz_cron_triggers` */

DROP TABLE IF EXISTS `qrtz_cron_triggers`;

CREATE TABLE `qrtz_cron_triggers` (
  `sched_name` varchar(120) NOT NULL,
  `trigger_name` varchar(200) NOT NULL,
  `trigger_group` varchar(200) NOT NULL,
  `cron_expression` varchar(200) NOT NULL,
  `time_zone_id` varchar(80) DEFAULT NULL,
  PRIMARY KEY (`sched_name`,`trigger_name`,`trigger_group`),
  CONSTRAINT `qrtz_cron_triggers_ibfk_1` FOREIGN KEY (`sched_name`, `trigger_name`, `trigger_group`) REFERENCES `qrtz_triggers` (`sched_name`, `trigger_name`, `trigger_group`)
) ENGINE=InnoDB DEFAULT CHARSET=utf8;

/*Data for the table `qrtz_cron_triggers` */

insert  into `qrtz_cron_triggers`(`sched_name`,`trigger_name`,`trigger_group`,`cron_expression`,`time_zone_id`) values ('WmsScheduler','TASK_CLASS_NAME1','DEFAULT','0/10 * * * * ?','Asia/Shanghai'),('WmsScheduler','TASK_CLASS_NAME2','DEFAULT','0/15 * * * * ?','Asia/Shanghai'),('WmsScheduler','TASK_CLASS_NAME3','DEFAULT','0/20 * * * * ?','Asia/Shanghai');

/*Table structure for table `qrtz_fired_triggers` */

DROP TABLE IF EXISTS `qrtz_fired_triggers`;

CREATE TABLE `qrtz_fired_triggers` (
  `sched_name` varchar(120) NOT NULL,
  `entry_id` varchar(95) NOT NULL,
  `trigger_name` varchar(200) NOT NULL,
  `trigger_group` varchar(200) NOT NULL,
  `instance_name` varchar(200) NOT NULL,
  `fired_time` bigint(13) NOT NULL,
  `sched_time` bigint(13) NOT NULL,
  `priority` int(11) NOT NULL,
  `state` varchar(16) NOT NULL,
  `job_name` varchar(200) DEFAULT NULL,
  `job_group` varchar(200) DEFAULT NULL,
  `is_nonconcurrent` varchar(1) DEFAULT NULL,
  `requests_recovery` varchar(1) DEFAULT NULL,
  PRIMARY KEY (`sched_name`,`entry_id`)
) ENGINE=InnoDB DEFAULT CHARSET=utf8;

/*Data for the table `qrtz_fired_triggers` */

/*Table structure for table `qrtz_job_details` */

DROP TABLE IF EXISTS `qrtz_job_details`;

CREATE TABLE `qrtz_job_details` (
  `sched_name` varchar(120) NOT NULL,
  `job_name` varchar(200) NOT NULL,
  `job_group` varchar(200) NOT NULL,
  `description` varchar(250) DEFAULT NULL,
  `job_class_name` varchar(250) NOT NULL,
  `is_durable` varchar(1) NOT NULL,
  `is_nonconcurrent` varchar(1) NOT NULL,
  `is_update_data` varchar(1) NOT NULL,
  `requests_recovery` varchar(1) NOT NULL,
  `job_data` blob,
  PRIMARY KEY (`sched_name`,`job_name`,`job_group`)
) ENGINE=InnoDB DEFAULT CHARSET=utf8;

/*Data for the table `qrtz_job_details` */

insert  into `qrtz_job_details`(`sched_name`,`job_name`,`job_group`,`description`,`job_class_name`,`is_durable`,`is_nonconcurrent`,`is_update_data`,`requests_recovery`,`job_data`) values ('WmsScheduler','TASK_CLASS_NAME1','DEFAULT',NULL,'com.wms.job.util.QuartzDisallowConcurrentExecution','0','1','0','0','¬í\0sr\0org.quartz.JobDataMapŸ°ƒè¿©°Ë\0\0xr\0&org.quartz.utils.StringKeyDirtyFlagMap‚èÃûÅ](\0Z\0allowsTransientDataxr\0org.quartz.utils.DirtyFlagMapæ.­(v\nÎ\0Z\0dirtyL\0mapt\0Ljava/util/Map;xpsr\0java.util.HashMapÚÁÃ`Ñ\0F\0\nloadFactorI\0	thresholdxp?@\0\0\0\0\0w\0\0\0\0\0\0t\0TASK_PROPERTIESsr\0com.wms.job.domain.SysJob\0\0\0\0\0\0\0\0L\0\nconcurrentt\0Ljava/lang/String;L\0cronExpressionq\0~\0	L\0invokeTargetq\0~\0	L\0jobGroupq\0~\0	L\0jobIdt\0Ljava/lang/Long;L\0jobNameq\0~\0	L\0\rmisfirePolicyq\0~\0	L\0statusq\0~\0	xr\0)com.wms.common.core.web.domain.BaseEntity\0\0\0\0\0\0\0\0L\0createByq\0~\0	L\0\ncreateTimet\0Ljava/util/Date;L\0paramsq\0~\0L\0remarkq\0~\0	L\0searchValueq\0~\0	L\0updateByq\0~\0	L\0\nupdateTimeq\0~\0xpt\0adminsr\0java.util.DatehjKYt\0\0xpw\0\0yRñ¨xpt\0\0pppt\01t\00/10 * * * * ?t\0ryTask.ryNoParamst\0DEFAULTsr\0java.lang.Long;‹äÌ#ß\0J\0valuexr\0java.lang.Number†¬•”à‹\0\0xp\0\0\0\0\0\0\0t\0ç³»ç»Ÿé»˜è®¤ï¼ˆæ— å‚ï¼‰t\03t\01x\0'),('WmsScheduler','TASK_CLASS_NAME2','DEFAULT',NULL,'com.wms.job.util.QuartzDisallowConcurrentExecution','0','1','0','0','¬í\0sr\0org.quartz.JobDataMapŸ°ƒè¿©°Ë\0\0xr\0&org.quartz.utils.StringKeyDirtyFlagMap‚èÃûÅ](\0Z\0allowsTransientDataxr\0org.quartz.utils.DirtyFlagMapæ.­(v\nÎ\0Z\0dirtyL\0mapt\0Ljava/util/Map;xpsr\0java.util.HashMapÚÁÃ`Ñ\0F\0\nloadFactorI\0	thresholdxp?@\0\0\0\0\0w\0\0\0\0\0\0t\0TASK_PROPERTIESsr\0com.wms.job.domain.SysJob\0\0\0\0\0\0\0\0L\0\nconcurrentt\0Ljava/lang/String;L\0cronExpressionq\0~\0	L\0invokeTargetq\0~\0	L\0jobGroupq\0~\0	L\0jobIdt\0Ljava/lang/Long;L\0jobNameq\0~\0	L\0\rmisfirePolicyq\0~\0	L\0statusq\0~\0	xr\0)com.wms.common.core.web.domain.BaseEntity\0\0\0\0\0\0\0\0L\0createByq\0~\0	L\0\ncreateTimet\0Ljava/util/Date;L\0paramsq\0~\0L\0remarkq\0~\0	L\0searchValueq\0~\0	L\0updateByq\0~\0	L\0\nupdateTimeq\0~\0xpt\0adminsr\0java.util.DatehjKYt\0\0xpw\0\0yRñ¨xpt\0\0pppt\01t\00/15 * * * * ?t\0ryTask.ryParams(\'ry\')t\0DEFAULTsr\0java.lang.Long;‹äÌ#ß\0J\0valuexr\0java.lang.Number†¬•”à‹\0\0xp\0\0\0\0\0\0\0t\0ç³»ç»Ÿé»˜è®¤ï¼ˆæœ‰å‚ï¼‰t\03t\01x\0'),('WmsScheduler','TASK_CLASS_NAME3','DEFAULT',NULL,'com.wms.job.util.QuartzDisallowConcurrentExecution','0','1','0','0','¬í\0sr\0org.quartz.JobDataMapŸ°ƒè¿©°Ë\0\0xr\0&org.quartz.utils.StringKeyDirtyFlagMap‚èÃûÅ](\0Z\0allowsTransientDataxr\0org.quartz.utils.DirtyFlagMapæ.­(v\nÎ\0Z\0dirtyL\0mapt\0Ljava/util/Map;xpsr\0java.util.HashMapÚÁÃ`Ñ\0F\0\nloadFactorI\0	thresholdxp?@\0\0\0\0\0w\0\0\0\0\0\0t\0TASK_PROPERTIESsr\0com.wms.job.domain.SysJob\0\0\0\0\0\0\0\0L\0\nconcurrentt\0Ljava/lang/String;L\0cronExpressionq\0~\0	L\0invokeTargetq\0~\0	L\0jobGroupq\0~\0	L\0jobIdt\0Ljava/lang/Long;L\0jobNameq\0~\0	L\0\rmisfirePolicyq\0~\0	L\0statusq\0~\0	xr\0)com.wms.common.core.web.domain.BaseEntity\0\0\0\0\0\0\0\0L\0createByq\0~\0	L\0\ncreateTimet\0Ljava/util/Date;L\0paramsq\0~\0L\0remarkq\0~\0	L\0searchValueq\0~\0	L\0updateByq\0~\0	L\0\nupdateTimeq\0~\0xpt\0adminsr\0java.util.DatehjKYt\0\0xpw\0\0yRñ¨xpt\0\0pppt\01t\00/20 * * * * ?t\08ryTask.ryMultipleParams(\'ry\', true, 2000L, 316.50D, 100)t\0DEFAULTsr\0java.lang.Long;‹äÌ#ß\0J\0valuexr\0java.lang.Number†¬•”à‹\0\0xp\0\0\0\0\0\0\0t\0ç³»ç»Ÿé»˜è®¤ï¼ˆå¤šå‚ï¼‰t\03t\01x\0');

/*Table structure for table `qrtz_locks` */

DROP TABLE IF EXISTS `qrtz_locks`;

CREATE TABLE `qrtz_locks` (
  `sched_name` varchar(120) NOT NULL,
  `lock_name` varchar(40) NOT NULL,
  PRIMARY KEY (`sched_name`,`lock_name`)
) ENGINE=InnoDB DEFAULT CHARSET=utf8;

/*Data for the table `qrtz_locks` */

insert  into `qrtz_locks`(`sched_name`,`lock_name`) values ('WmsScheduler','STATE_ACCESS'),('WmsScheduler','TRIGGER_ACCESS');

/*Table structure for table `qrtz_paused_trigger_grps` */

DROP TABLE IF EXISTS `qrtz_paused_trigger_grps`;

CREATE TABLE `qrtz_paused_trigger_grps` (
  `sched_name` varchar(120) NOT NULL,
  `trigger_group` varchar(200) NOT NULL,
  PRIMARY KEY (`sched_name`,`trigger_group`)
) ENGINE=InnoDB DEFAULT CHARSET=utf8;

/*Data for the table `qrtz_paused_trigger_grps` */

/*Table structure for table `qrtz_scheduler_state` */

DROP TABLE IF EXISTS `qrtz_scheduler_state`;

CREATE TABLE `qrtz_scheduler_state` (
  `sched_name` varchar(120) NOT NULL,
  `instance_name` varchar(200) NOT NULL,
  `last_checkin_time` bigint(13) NOT NULL,
  `checkin_interval` bigint(13) NOT NULL,
  PRIMARY KEY (`sched_name`,`instance_name`)
) ENGINE=InnoDB DEFAULT CHARSET=utf8;

/*Data for the table `qrtz_scheduler_state` */

insert  into `qrtz_scheduler_state`(`sched_name`,`instance_name`,`last_checkin_time`,`checkin_interval`) values ('WmsScheduler','DESKTOP-0K3S1BC1620976072911',1620976574688,15000);

/*Table structure for table `qrtz_simple_triggers` */

DROP TABLE IF EXISTS `qrtz_simple_triggers`;

CREATE TABLE `qrtz_simple_triggers` (
  `sched_name` varchar(120) NOT NULL,
  `trigger_name` varchar(200) NOT NULL,
  `trigger_group` varchar(200) NOT NULL,
  `repeat_count` bigint(7) NOT NULL,
  `repeat_interval` bigint(12) NOT NULL,
  `times_triggered` bigint(10) NOT NULL,
  PRIMARY KEY (`sched_name`,`trigger_name`,`trigger_group`),
  CONSTRAINT `qrtz_simple_triggers_ibfk_1` FOREIGN KEY (`sched_name`, `trigger_name`, `trigger_group`) REFERENCES `qrtz_triggers` (`sched_name`, `trigger_name`, `trigger_group`)
) ENGINE=InnoDB DEFAULT CHARSET=utf8;

/*Data for the table `qrtz_simple_triggers` */

/*Table structure for table `qrtz_simprop_triggers` */

DROP TABLE IF EXISTS `qrtz_simprop_triggers`;

CREATE TABLE `qrtz_simprop_triggers` (
  `sched_name` varchar(120) NOT NULL,
  `trigger_name` varchar(200) NOT NULL,
  `trigger_group` varchar(200) NOT NULL,
  `str_prop_1` varchar(512) DEFAULT NULL,
  `str_prop_2` varchar(512) DEFAULT NULL,
  `str_prop_3` varchar(512) DEFAULT NULL,
  `int_prop_1` int(11) DEFAULT NULL,
  `int_prop_2` int(11) DEFAULT NULL,
  `long_prop_1` bigint(20) DEFAULT NULL,
  `long_prop_2` bigint(20) DEFAULT NULL,
  `dec_prop_1` decimal(13,4) DEFAULT NULL,
  `dec_prop_2` decimal(13,4) DEFAULT NULL,
  `bool_prop_1` varchar(1) DEFAULT NULL,
  `bool_prop_2` varchar(1) DEFAULT NULL,
  PRIMARY KEY (`sched_name`,`trigger_name`,`trigger_group`),
  CONSTRAINT `qrtz_simprop_triggers_ibfk_1` FOREIGN KEY (`sched_name`, `trigger_name`, `trigger_group`) REFERENCES `qrtz_triggers` (`sched_name`, `trigger_name`, `trigger_group`)
) ENGINE=InnoDB DEFAULT CHARSET=utf8;

/*Data for the table `qrtz_simprop_triggers` */

/*Table structure for table `qrtz_triggers` */

DROP TABLE IF EXISTS `qrtz_triggers`;

CREATE TABLE `qrtz_triggers` (
  `sched_name` varchar(120) NOT NULL,
  `trigger_name` varchar(200) NOT NULL,
  `trigger_group` varchar(200) NOT NULL,
  `job_name` varchar(200) NOT NULL,
  `job_group` varchar(200) NOT NULL,
  `description` varchar(250) DEFAULT NULL,
  `next_fire_time` bigint(13) DEFAULT NULL,
  `prev_fire_time` bigint(13) DEFAULT NULL,
  `priority` int(11) DEFAULT NULL,
  `trigger_state` varchar(16) NOT NULL,
  `trigger_type` varchar(8) NOT NULL,
  `start_time` bigint(13) NOT NULL,
  `end_time` bigint(13) DEFAULT NULL,
  `calendar_name` varchar(200) DEFAULT NULL,
  `misfire_instr` smallint(2) DEFAULT NULL,
  `job_data` blob,
  PRIMARY KEY (`sched_name`,`trigger_name`,`trigger_group`),
  KEY `sched_name` (`sched_name`,`job_name`,`job_group`),
  CONSTRAINT `qrtz_triggers_ibfk_1` FOREIGN KEY (`sched_name`, `job_name`, `job_group`) REFERENCES `qrtz_job_details` (`sched_name`, `job_name`, `job_group`)
) ENGINE=InnoDB DEFAULT CHARSET=utf8;

/*Data for the table `qrtz_triggers` */

insert  into `qrtz_triggers`(`sched_name`,`trigger_name`,`trigger_group`,`job_name`,`job_group`,`description`,`next_fire_time`,`prev_fire_time`,`priority`,`trigger_state`,`trigger_type`,`start_time`,`end_time`,`calendar_name`,`misfire_instr`,`job_data`) values ('WmsScheduler','TASK_CLASS_NAME1','DEFAULT','TASK_CLASS_NAME1','DEFAULT',NULL,1620976080000,-1,5,'PAUSED','CRON',1620976074000,0,NULL,2,''),('WmsScheduler','TASK_CLASS_NAME2','DEFAULT','TASK_CLASS_NAME2','DEFAULT',NULL,1620976080000,-1,5,'PAUSED','CRON',1620976074000,0,NULL,2,''),('WmsScheduler','TASK_CLASS_NAME3','DEFAULT','TASK_CLASS_NAME3','DEFAULT',NULL,1620976080000,-1,5,'PAUSED','CRON',1620976075000,0,NULL,2,'');

/*Table structure for table `sys_config` */

DROP TABLE IF EXISTS `sys_config`;

CREATE TABLE `sys_config` (
  `config_id` int(5) NOT NULL AUTO_INCREMENT COMMENT 'å‚æ•°ä¸»é”®',
  `config_name` varchar(100) DEFAULT '' COMMENT 'å‚æ•°åç§°',
  `config_key` varchar(100) DEFAULT '' COMMENT 'å‚æ•°é”®å',
  `config_value` varchar(500) DEFAULT '' COMMENT 'å‚æ•°é”®å€¼',
  `config_type` char(1) DEFAULT 'N' COMMENT 'ç³»ç»Ÿå†…ç½®ï¼ˆYæ˜¯ Nå¦ï¼‰',
  `create_by` varchar(64) DEFAULT '' COMMENT 'åˆ›å»ºè€…',
  `create_time` datetime DEFAULT NULL COMMENT 'åˆ›å»ºæ—¶é—´',
  `update_by` varchar(64) DEFAULT '' COMMENT 'æ›´æ–°è€…',
  `update_time` datetime DEFAULT NULL COMMENT 'æ›´æ–°æ—¶é—´',
  `remark` varchar(500) DEFAULT NULL COMMENT 'å¤‡æ³¨',
  PRIMARY KEY (`config_id`)
) ENGINE=InnoDB AUTO_INCREMENT=4 DEFAULT CHARSET=utf8 COMMENT='å‚æ•°é…ç½®è¡¨';

/*Data for the table `sys_config` */

insert  into `sys_config`(`config_id`,`config_name`,`config_key`,`config_value`,`config_type`,`create_by`,`create_time`,`update_by`,`update_time`,`remark`) values (1,'ä¸»æ¡†æ¶é¡µ-é»˜è®¤çš®è‚¤æ ·å¼åç§°','sys.index.skinName','skin-blue','Y','admin','2021-04-26 11:57:08','',NULL,'è“è‰² skin-blueã€ç»¿è‰² skin-greenã€ç´«è‰² skin-purpleã€çº¢è‰² skin-redã€é»„è‰² skin-yellow'),(2,'ç”¨æˆ·ç®¡ç†-è´¦å·åˆå§‹å¯†ç ','sys.user.initPassword','123456','Y','admin','2021-04-26 11:57:09','',NULL,'åˆå§‹åŒ–å¯†ç  123456'),(3,'ä¸»æ¡†æ¶é¡µ-ä¾§è¾¹æ ä¸»é¢˜','sys.index.sideTheme','theme-dark','Y','admin','2021-04-26 11:57:09','',NULL,'æ·±è‰²ä¸»é¢˜theme-darkï¼Œæµ…è‰²ä¸»é¢˜theme-light');

/*Table structure for table `sys_dept` */

DROP TABLE IF EXISTS `sys_dept`;

CREATE TABLE `sys_dept` (
  `dept_id` bigint(20) NOT NULL AUTO_INCREMENT COMMENT 'éƒ¨é—¨id',
  `parent_id` bigint(20) DEFAULT '0' COMMENT 'çˆ¶éƒ¨é—¨id',
  `ancestors` varchar(50) DEFAULT '' COMMENT 'ç¥–çº§åˆ—è¡¨',
  `dept_name` varchar(30) DEFAULT '' COMMENT 'éƒ¨é—¨åç§°',
  `order_num` int(4) DEFAULT '0' COMMENT 'æ˜¾ç¤ºé¡ºåº',
  `leader` varchar(20) DEFAULT NULL COMMENT 'è´Ÿè´£äºº',
  `phone` varchar(11) DEFAULT NULL COMMENT 'è”ç³»ç”µè¯',
  `email` varchar(50) DEFAULT NULL COMMENT 'é‚®ç®±',
  `status` char(1) DEFAULT '0' COMMENT 'éƒ¨é—¨çŠ¶æ€ï¼ˆ0æ­£å¸¸ 1åœç”¨ï¼‰',
  `del_flag` char(1) DEFAULT '0' COMMENT 'åˆ é™¤æ ‡å¿—ï¼ˆ0ä»£è¡¨å­˜åœ¨ 2ä»£è¡¨åˆ é™¤ï¼‰',
  `create_by` varchar(64) DEFAULT '' COMMENT 'åˆ›å»ºè€…',
  `create_time` datetime DEFAULT NULL COMMENT 'åˆ›å»ºæ—¶é—´',
  `update_by` varchar(64) DEFAULT '' COMMENT 'æ›´æ–°è€…',
  `update_time` datetime DEFAULT NULL COMMENT 'æ›´æ–°æ—¶é—´',
  `tenant_id` bigint(20) DEFAULT NULL COMMENT 'ç§Ÿæˆ·id',
  PRIMARY KEY (`dept_id`)
) ENGINE=InnoDB AUTO_INCREMENT=114 DEFAULT CHARSET=utf8 COMMENT='éƒ¨é—¨è¡¨';

/*Data for the table `sys_dept` */

insert  into `sys_dept`(`dept_id`,`parent_id`,`ancestors`,`dept_name`,`order_num`,`leader`,`phone`,`email`,`status`,`del_flag`,`create_by`,`create_time`,`update_by`,`update_time`,`tenant_id`) values (100,0,'0','è‹¥ä¾ç§‘æŠ€',0,'è‹¥ä¾','15888888888','ry@qq.com','0','0','admin','2021-04-26 11:56:34','',NULL,NULL),(101,100,'0,100','æ·±åœ³æ€»å…¬å¸',1,'è‹¥ä¾','15888888888','ry@qq.com','0','0','admin','2021-04-26 11:56:34','',NULL,NULL),(102,100,'0,100','é•¿æ²™åˆ†å…¬å¸',2,'è‹¥ä¾','15888888888','ry@qq.com','0','0','admin','2021-04-26 11:56:34','',NULL,NULL),(103,101,'0,100,101','ç ”å‘éƒ¨é—¨',1,'è‹¥ä¾','15888888888','ry@qq.com','0','0','admin','2021-04-26 11:56:34','',NULL,NULL),(104,101,'0,100,101','å¸‚åœºéƒ¨é—¨',2,'è‹¥ä¾','15888888888','ry@qq.com','0','0','admin','2021-04-26 11:56:34','',NULL,NULL),(105,101,'0,100,101','æµ‹è¯•éƒ¨é—¨',3,'è‹¥ä¾','15888888888','ry@qq.com','0','0','admin','2021-04-26 11:56:35','',NULL,NULL),(106,101,'0,100,101','è´¢åŠ¡éƒ¨é—¨',4,'è‹¥ä¾','15888888888','ry@qq.com','0','0','admin','2021-04-26 11:56:35','',NULL,NULL),(107,101,'0,100,101','è¿ç»´éƒ¨é—¨',5,'è‹¥ä¾','15888888888','ry@qq.com','0','0','admin','2021-04-26 11:56:35','',NULL,NULL),(108,102,'0,100,102','å¸‚åœºéƒ¨é—¨',1,'è‹¥ä¾','15888888888','ry@qq.com','0','0','admin','2021-04-26 11:56:35','',NULL,NULL),(109,102,'0,100,102','è´¢åŠ¡éƒ¨é—¨',2,'è‹¥ä¾','15888888888','ry@qq.com','0','0','admin','2021-04-26 11:56:35','',NULL,NULL),(110,0,'0','è¿…è…¾å…¬å¸',1,NULL,NULL,NULL,'0','0','13326778348','2021-05-07 05:59:07','13326778348','2021-05-07 06:09:24',10),(111,110,'0,110','è¡Œæ”¿éƒ¨',1,NULL,NULL,NULL,'0','0','13326778348','2021-05-07 06:09:35','',NULL,10),(112,111,'0,110,111','ä¿å®‰éƒ¨',3,NULL,NULL,NULL,'0','0','13326778348','2021-05-07 06:09:52','',NULL,10),(113,110,'0,110','è´¢åŠ¡éƒ¨',1,NULL,NULL,NULL,'0','0','13326778348','2021-05-07 06:10:03','',NULL,10);

/*Table structure for table `sys_dict_data` */

DROP TABLE IF EXISTS `sys_dict_data`;

CREATE TABLE `sys_dict_data` (
  `dict_code` bigint(20) NOT NULL AUTO_INCREMENT COMMENT 'å­—å…¸ç¼–ç ',
  `dict_sort` int(4) DEFAULT '0' COMMENT 'å­—å…¸æ’åº',
  `dict_label` varchar(100) DEFAULT '' COMMENT 'å­—å…¸æ ‡ç­¾',
  `dict_value` varchar(100) DEFAULT '' COMMENT 'å­—å…¸é”®å€¼',
  `dict_type` varchar(100) DEFAULT '' COMMENT 'å­—å…¸ç±»å‹',
  `css_class` varchar(100) DEFAULT NULL COMMENT 'æ ·å¼å±æ€§ï¼ˆå…¶ä»–æ ·å¼æ‰©å±•ï¼‰',
  `list_class` varchar(100) DEFAULT NULL COMMENT 'è¡¨æ ¼å›æ˜¾æ ·å¼',
  `is_default` char(1) DEFAULT 'N' COMMENT 'æ˜¯å¦é»˜è®¤ï¼ˆYæ˜¯ Nå¦ï¼‰',
  `status` char(1) DEFAULT '0' COMMENT 'çŠ¶æ€ï¼ˆ0æ­£å¸¸ 1åœç”¨ï¼‰',
  `create_by` varchar(64) DEFAULT '' COMMENT 'åˆ›å»ºè€…',
  `create_time` datetime DEFAULT NULL COMMENT 'åˆ›å»ºæ—¶é—´',
  `update_by` varchar(64) DEFAULT '' COMMENT 'æ›´æ–°è€…',
  `update_time` datetime DEFAULT NULL COMMENT 'æ›´æ–°æ—¶é—´',
  `remark` varchar(500) DEFAULT NULL COMMENT 'å¤‡æ³¨',
  PRIMARY KEY (`dict_code`)
) ENGINE=InnoDB AUTO_INCREMENT=56 DEFAULT CHARSET=utf8 COMMENT='å­—å…¸æ•°æ®è¡¨';

/*Data for the table `sys_dict_data` */

insert  into `sys_dict_data`(`dict_code`,`dict_sort`,`dict_label`,`dict_value`,`dict_type`,`css_class`,`list_class`,`is_default`,`status`,`create_by`,`create_time`,`update_by`,`update_time`,`remark`) values (1,1,'ç”·','0','sys_user_sex','','','Y','0','admin','2021-04-26 11:57:04','',NULL,'æ€§åˆ«ç”·'),(2,2,'å¥³','1','sys_user_sex','','','N','0','admin','2021-04-26 11:57:04','',NULL,'æ€§åˆ«å¥³'),(3,3,'æœªçŸ¥','2','sys_user_sex','','','N','0','admin','2021-04-26 11:57:04','',NULL,'æ€§åˆ«æœªçŸ¥'),(4,1,'æ˜¾ç¤º','0','sys_show_hide','','primary','Y','0','admin','2021-04-26 11:57:04','',NULL,'æ˜¾ç¤ºèœå•'),(5,2,'éšè—','1','sys_show_hide','','danger','N','0','admin','2021-04-26 11:57:04','',NULL,'éšè—èœå•'),(6,1,'æ­£å¸¸','0','sys_normal_disable','','primary','Y','0','admin','2021-04-26 11:57:04','',NULL,'æ­£å¸¸çŠ¶æ€'),(7,2,'åœç”¨','1','sys_normal_disable','','danger','N','0','admin','2021-04-26 11:57:04','',NULL,'åœç”¨çŠ¶æ€'),(8,1,'æ­£å¸¸','0','sys_job_status','','primary','Y','0','admin','2021-04-26 11:57:05','',NULL,'æ­£å¸¸çŠ¶æ€'),(9,2,'æš‚åœ','1','sys_job_status','','danger','N','0','admin','2021-04-26 11:57:05','',NULL,'åœç”¨çŠ¶æ€'),(10,1,'é»˜è®¤','DEFAULT','sys_job_group','','','Y','0','admin','2021-04-26 11:57:05','',NULL,'é»˜è®¤åˆ†ç»„'),(11,2,'ç³»ç»Ÿ','SYSTEM','sys_job_group','','','N','0','admin','2021-04-26 11:57:05','',NULL,'ç³»ç»Ÿåˆ†ç»„'),(12,1,'æ˜¯','Y','sys_yes_no','','primary','Y','0','admin','2021-04-26 11:57:05','',NULL,'ç³»ç»Ÿé»˜è®¤æ˜¯'),(13,2,'å¦','N','sys_yes_no','','danger','N','0','admin','2021-04-26 11:57:05','',NULL,'ç³»ç»Ÿé»˜è®¤å¦'),(14,1,'é€šçŸ¥','1','sys_notice_type','','warning','Y','0','admin','2021-04-26 11:57:05','',NULL,'é€šçŸ¥'),(15,2,'å…¬å‘Š','2','sys_notice_type','','success','N','0','admin','2021-04-26 11:57:05','',NULL,'å…¬å‘Š'),(16,1,'æ­£å¸¸','0','sys_notice_status','','primary','Y','0','admin','2021-04-26 11:57:05','',NULL,'æ­£å¸¸çŠ¶æ€'),(17,2,'å…³é—­','1','sys_notice_status','','danger','N','0','admin','2021-04-26 11:57:05','',NULL,'å…³é—­çŠ¶æ€'),(18,1,'æ–°å¢','1','sys_oper_type','','info','N','0','admin','2021-04-26 11:57:05','',NULL,'æ–°å¢æ“ä½œ'),(19,2,'ä¿®æ”¹','2','sys_oper_type','','info','N','0','admin','2021-04-26 11:57:05','',NULL,'ä¿®æ”¹æ“ä½œ'),(20,3,'åˆ é™¤','3','sys_oper_type','','danger','N','0','admin','2021-04-26 11:57:05','',NULL,'åˆ é™¤æ“ä½œ'),(21,4,'æˆæƒ','4','sys_oper_type','','primary','N','0','admin','2021-04-26 11:57:05','',NULL,'æˆæƒæ“ä½œ'),(22,5,'å¯¼å‡º','5','sys_oper_type','','warning','N','0','admin','2021-04-26 11:57:05','',NULL,'å¯¼å‡ºæ“ä½œ'),(23,6,'å¯¼å…¥','6','sys_oper_type','','warning','N','0','admin','2021-04-26 11:57:05','',NULL,'å¯¼å…¥æ“ä½œ'),(24,7,'å¼ºé€€','7','sys_oper_type','','danger','N','0','admin','2021-04-26 11:57:06','',NULL,'å¼ºé€€æ“ä½œ'),(25,8,'ç”Ÿæˆä»£ç ','8','sys_oper_type','','warning','N','0','admin','2021-04-26 11:57:06','',NULL,'ç”Ÿæˆæ“ä½œ'),(26,9,'æ¸…ç©ºæ•°æ®','9','sys_oper_type','','danger','N','0','admin','2021-04-26 11:57:06','',NULL,'æ¸…ç©ºæ“ä½œ'),(27,1,'æˆåŠŸ','0','sys_common_status','','primary','N','0','admin','2021-04-26 11:57:06','',NULL,'æ­£å¸¸çŠ¶æ€'),(28,2,'å¤±è´¥','1','sys_common_status','','danger','N','0','admin','2021-04-26 11:57:06','',NULL,'åœç”¨çŠ¶æ€'),(29,0,'åœç”¨','0','account_status',NULL,NULL,'N','0','xiaohong','2021-05-07 06:48:28','',NULL,NULL),(30,1,'å¯ç”¨','1','account_status',NULL,NULL,'N','0','xiaohong','2021-05-07 06:48:57','',NULL,NULL),(31,1,'å¸ƒç±»','1','supplier_type',NULL,NULL,'N','0','admin','2021-05-10 08:11:23','',NULL,NULL),(32,2,'é‡‘å±','2','supplier_type',NULL,NULL,'N','0','admin','2021-05-10 08:11:37','',NULL,NULL),(33,3,'é…ä»¶','3','supplier_type',NULL,NULL,'N','0','admin','2021-05-10 08:11:49','',NULL,NULL),(34,4,'å¡‘æ–™','4','supplier_type',NULL,NULL,'N','0','admin','2021-05-10 08:11:58','',NULL,NULL),(35,1,'é›¶å”®','1','customer_type',NULL,NULL,'N','0','admin','2021-05-10 08:13:03','',NULL,NULL),(36,2,'æ•£æˆ·','2','customer_type',NULL,NULL,'N','0','admin','2021-05-10 08:13:40','',NULL,NULL),(37,3,'ä»£ç†å•†','3','customer_type',NULL,NULL,'N','0','admin','2021-05-10 08:13:59','',NULL,NULL),(38,1,'å—','1','unit',NULL,NULL,'N','0','admin','2021-05-10 08:15:59','',NULL,NULL),(39,2,'kg','2','unit',NULL,NULL,'N','0','admin','2021-05-10 08:16:07','',NULL,NULL),(40,3,'ä»¶','3','unit',NULL,NULL,'N','0','admin','2021-05-10 08:16:17','',NULL,NULL),(41,4,'å¼ ','4','unit',NULL,NULL,'N','0','admin','2021-05-10 08:16:27','',NULL,NULL),(42,5,'æ ¹','5','unit',NULL,NULL,'N','0','admin','2021-05-10 08:16:37','',NULL,NULL),(43,6,'ç®±','6','unit',NULL,NULL,'N','0','admin','2021-05-10 08:16:49','',NULL,NULL),(44,1,'å¡å…¶','1','color',NULL,NULL,'N','0','admin','2021-05-10 08:19:58','',NULL,NULL),(45,2,'å’–å•¡','2','color',NULL,NULL,'N','0','admin','2021-05-10 08:20:08','',NULL,NULL),(46,3,'å®çŸ³è“','3','color',NULL,NULL,'N','0','admin','2021-05-10 08:20:23','',NULL,NULL),(47,4,'å®è“','4','color',NULL,NULL,'N','0','admin','2021-05-10 08:20:32','',NULL,NULL),(48,5,'æµ…æ£•è‰²','5','color',NULL,NULL,'N','0','admin','2021-05-10 08:20:50','',NULL,NULL),(49,6,'ç™½è‰²','6','color',NULL,NULL,'N','0','admin','2021-05-10 08:21:09','',NULL,NULL),(50,7,'ç²‰è‰²','7','color',NULL,NULL,'N','0','admin','2021-05-10 08:21:19','',NULL,NULL),(51,8,'é»‘è‰²','8','color',NULL,NULL,'N','0','admin','2021-05-10 08:21:28','',NULL,NULL),(52,9,'çº¢è‰²','9','color',NULL,NULL,'N','0','admin','2021-05-10 08:21:43','',NULL,NULL),(53,10,'è“è‰²','10','color',NULL,NULL,'N','0','admin','2021-05-10 08:21:55','',NULL,NULL),(54,1,'æ™®é€šä¼šå‘˜','1','customer_level',NULL,NULL,'N','0','admin','2021-05-11 04:25:23','',NULL,NULL),(55,2,'VIPä¼šå‘˜','2','customer_level',NULL,NULL,'N','0','admin','2021-05-11 04:25:33','',NULL,NULL);

/*Table structure for table `sys_dict_type` */

DROP TABLE IF EXISTS `sys_dict_type`;

CREATE TABLE `sys_dict_type` (
  `dict_id` bigint(20) NOT NULL AUTO_INCREMENT COMMENT 'å­—å…¸ä¸»é”®',
  `dict_name` varchar(100) DEFAULT '' COMMENT 'å­—å…¸åç§°',
  `dict_type` varchar(100) DEFAULT '' COMMENT 'å­—å…¸ç±»å‹',
  `status` char(1) DEFAULT '0' COMMENT 'çŠ¶æ€ï¼ˆ0æ­£å¸¸ 1åœç”¨ï¼‰',
  `create_by` varchar(64) DEFAULT '' COMMENT 'åˆ›å»ºè€…',
  `create_time` datetime DEFAULT NULL COMMENT 'åˆ›å»ºæ—¶é—´',
  `update_by` varchar(64) DEFAULT '' COMMENT 'æ›´æ–°è€…',
  `update_time` datetime DEFAULT NULL COMMENT 'æ›´æ–°æ—¶é—´',
  `remark` varchar(500) DEFAULT NULL COMMENT 'å¤‡æ³¨',
  PRIMARY KEY (`dict_id`),
  UNIQUE KEY `dict_type` (`dict_type`)
) ENGINE=InnoDB AUTO_INCREMENT=17 DEFAULT CHARSET=utf8 COMMENT='å­—å…¸ç±»å‹è¡¨';

/*Data for the table `sys_dict_type` */

insert  into `sys_dict_type`(`dict_id`,`dict_name`,`dict_type`,`status`,`create_by`,`create_time`,`update_by`,`update_time`,`remark`) values (1,'ç”¨æˆ·æ€§åˆ«','sys_user_sex','0','admin','2021-04-26 11:57:01','',NULL,'ç”¨æˆ·æ€§åˆ«åˆ—è¡¨'),(2,'èœå•çŠ¶æ€','sys_show_hide','0','admin','2021-04-26 11:57:01','',NULL,'èœå•çŠ¶æ€åˆ—è¡¨'),(3,'ç³»ç»Ÿå¼€å…³','sys_normal_disable','0','admin','2021-04-26 11:57:01','',NULL,'ç³»ç»Ÿå¼€å…³åˆ—è¡¨'),(4,'ä»»åŠ¡çŠ¶æ€','sys_job_status','0','admin','2021-04-26 11:57:01','',NULL,'ä»»åŠ¡çŠ¶æ€åˆ—è¡¨'),(5,'ä»»åŠ¡åˆ†ç»„','sys_job_group','0','admin','2021-04-26 11:57:02','',NULL,'ä»»åŠ¡åˆ†ç»„åˆ—è¡¨'),(6,'ç³»ç»Ÿæ˜¯å¦','sys_yes_no','0','admin','2021-04-26 11:57:02','',NULL,'ç³»ç»Ÿæ˜¯å¦åˆ—è¡¨'),(7,'é€šçŸ¥ç±»å‹','sys_notice_type','0','admin','2021-04-26 11:57:02','',NULL,'é€šçŸ¥ç±»å‹åˆ—è¡¨'),(8,'é€šçŸ¥çŠ¶æ€','sys_notice_status','0','admin','2021-04-26 11:57:02','',NULL,'é€šçŸ¥çŠ¶æ€åˆ—è¡¨'),(9,'æ“ä½œç±»å‹','sys_oper_type','0','admin','2021-04-26 11:57:02','',NULL,'æ“ä½œç±»å‹åˆ—è¡¨'),(10,'ç³»ç»ŸçŠ¶æ€','sys_common_status','0','admin','2021-04-26 11:57:02','',NULL,'ç™»å½•çŠ¶æ€åˆ—è¡¨'),(11,'è´¦æˆ·çŠ¶æ€','account_status','0','xiaohong','2021-05-07 06:47:57','',NULL,NULL),(12,'ä¾›åº”å•†ç±»åˆ«','supplier_type','0','admin','2021-05-10 08:10:46','',NULL,NULL),(13,'å®¢æˆ·ç±»åˆ«','customer_type','0','admin','2021-05-10 08:12:46','',NULL,NULL),(14,'è®¡é‡å•ä½','unit','0','admin','2021-05-10 08:15:43','',NULL,NULL),(15,'é¢œè‰²','color','0','admin','2021-05-10 08:19:39','',NULL,NULL),(16,'å®¢æˆ·ç­‰çº§','customer_level','0','admin','2021-05-11 04:24:51','',NULL,NULL);

/*Table structure for table `sys_job` */

DROP TABLE IF EXISTS `sys_job`;

CREATE TABLE `sys_job` (
  `job_id` bigint(20) NOT NULL AUTO_INCREMENT COMMENT 'ä»»åŠ¡ID',
  `job_name` varchar(64) NOT NULL DEFAULT '' COMMENT 'ä»»åŠ¡åç§°',
  `job_group` varchar(64) NOT NULL DEFAULT 'DEFAULT' COMMENT 'ä»»åŠ¡ç»„å',
  `invoke_target` varchar(500) NOT NULL COMMENT 'è°ƒç”¨ç›®æ ‡å­—ç¬¦ä¸²',
  `cron_expression` varchar(255) DEFAULT '' COMMENT 'cronæ‰§è¡Œè¡¨è¾¾å¼',
  `misfire_policy` varchar(20) DEFAULT '3' COMMENT 'è®¡åˆ’æ‰§è¡Œé”™è¯¯ç­–ç•¥ï¼ˆ1ç«‹å³æ‰§è¡Œ 2æ‰§è¡Œä¸€æ¬¡ 3æ”¾å¼ƒæ‰§è¡Œï¼‰',
  `concurrent` char(1) DEFAULT '1' COMMENT 'æ˜¯å¦å¹¶å‘æ‰§è¡Œï¼ˆ0å…è®¸ 1ç¦æ­¢ï¼‰',
  `status` char(1) DEFAULT '0' COMMENT 'çŠ¶æ€ï¼ˆ0æ­£å¸¸ 1æš‚åœï¼‰',
  `create_by` varchar(64) DEFAULT '' COMMENT 'åˆ›å»ºè€…',
  `create_time` datetime DEFAULT NULL COMMENT 'åˆ›å»ºæ—¶é—´',
  `update_by` varchar(64) DEFAULT '' COMMENT 'æ›´æ–°è€…',
  `update_time` datetime DEFAULT NULL COMMENT 'æ›´æ–°æ—¶é—´',
  `remark` varchar(500) DEFAULT '' COMMENT 'å¤‡æ³¨ä¿¡æ¯',
  PRIMARY KEY (`job_id`,`job_name`,`job_group`)
) ENGINE=InnoDB AUTO_INCREMENT=4 DEFAULT CHARSET=utf8 COMMENT='å®šæ—¶ä»»åŠ¡è°ƒåº¦è¡¨';

/*Data for the table `sys_job` */

insert  into `sys_job`(`job_id`,`job_name`,`job_group`,`invoke_target`,`cron_expression`,`misfire_policy`,`concurrent`,`status`,`create_by`,`create_time`,`update_by`,`update_time`,`remark`) values (1,'ç³»ç»Ÿé»˜è®¤ï¼ˆæ— å‚ï¼‰','DEFAULT','ryTask.ryNoParams','0/10 * * * * ?','3','1','1','admin','2021-04-26 11:57:13','',NULL,''),(2,'ç³»ç»Ÿé»˜è®¤ï¼ˆæœ‰å‚ï¼‰','DEFAULT','ryTask.ryParams(\'ry\')','0/15 * * * * ?','3','1','1','admin','2021-04-26 11:57:13','',NULL,''),(3,'ç³»ç»Ÿé»˜è®¤ï¼ˆå¤šå‚ï¼‰','DEFAULT','ryTask.ryMultipleParams(\'ry\', true, 2000L, 316.50D, 100)','0/20 * * * * ?','3','1','1','admin','2021-04-26 11:57:13','',NULL,'');

/*Table structure for table `sys_job_log` */

DROP TABLE IF EXISTS `sys_job_log`;

CREATE TABLE `sys_job_log` (
  `job_log_id` bigint(20) NOT NULL AUTO_INCREMENT COMMENT 'ä»»åŠ¡æ—¥å¿—ID',
  `job_name` varchar(64) NOT NULL COMMENT 'ä»»åŠ¡åç§°',
  `job_group` varchar(64) NOT NULL COMMENT 'ä»»åŠ¡ç»„å',
  `invoke_target` varchar(500) NOT NULL COMMENT 'è°ƒç”¨ç›®æ ‡å­—ç¬¦ä¸²',
  `job_message` varchar(500) DEFAULT NULL COMMENT 'æ—¥å¿—ä¿¡æ¯',
  `status` char(1) DEFAULT '0' COMMENT 'æ‰§è¡ŒçŠ¶æ€ï¼ˆ0æ­£å¸¸ 1å¤±è´¥ï¼‰',
  `exception_info` varchar(2000) DEFAULT '' COMMENT 'å¼‚å¸¸ä¿¡æ¯',
  `create_time` datetime DEFAULT NULL COMMENT 'åˆ›å»ºæ—¶é—´',
  PRIMARY KEY (`job_log_id`)
) ENGINE=InnoDB DEFAULT CHARSET=utf8 COMMENT='å®šæ—¶ä»»åŠ¡è°ƒåº¦æ—¥å¿—è¡¨';

/*Data for the table `sys_job_log` */

/*Table structure for table `sys_logininfor` */

DROP TABLE IF EXISTS `sys_logininfor`;

CREATE TABLE `sys_logininfor` (
  `info_id` bigint(20) NOT NULL AUTO_INCREMENT COMMENT 'è®¿é—®ID',
  `user_name` varchar(50) DEFAULT '' COMMENT 'ç”¨æˆ·è´¦å·',
  `ipaddr` varchar(128) DEFAULT '' COMMENT 'ç™»å½•IPåœ°å€',
  `status` char(1) DEFAULT '0' COMMENT 'ç™»å½•çŠ¶æ€ï¼ˆ0æˆåŠŸ 1å¤±è´¥ï¼‰',
  `msg` varchar(255) DEFAULT '' COMMENT 'æç¤ºä¿¡æ¯',
  `access_time` datetime DEFAULT NULL COMMENT 'è®¿é—®æ—¶é—´',
  PRIMARY KEY (`info_id`)
) ENGINE=InnoDB AUTO_INCREMENT=221 DEFAULT CHARSET=utf8 COMMENT='ç³»ç»Ÿè®¿é—®è®°å½•';

/*Data for the table `sys_logininfor` */

insert  into `sys_logininfor`(`info_id`,`user_name`,`ipaddr`,`status`,`msg`,`access_time`) values (100,'admin','192.168.1.105','0','ç™»å½•æˆåŠŸ','2021-04-26 14:46:01'),(101,'admin','192.168.1.105','0','ç™»å½•æˆåŠŸ','2021-04-28 17:59:53'),(102,'admin','192.168.1.105','0','ç™»å½•æˆåŠŸ','2021-04-28 18:19:31'),(103,'admin','192.168.1.105','0','ç™»å½•æˆåŠŸ','2021-04-30 15:08:33'),(104,'admin','192.168.1.105','0','é€€å‡ºæˆåŠŸ','2021-04-30 15:56:38'),(105,'admin','192.168.1.105','0','ç™»å½•æˆåŠŸ','2021-04-30 15:56:42'),(106,'admin','192.168.1.105','0','é€€å‡ºæˆåŠŸ','2021-04-30 15:56:43'),(107,'admin','192.168.1.105','0','ç™»å½•æˆåŠŸ','2021-04-30 15:57:05'),(108,'admin','192.168.1.105','0','ç™»å½•æˆåŠŸ','2021-04-30 16:37:48'),(109,'admin','192.168.1.105','0','é€€å‡ºæˆåŠŸ','2021-04-30 16:37:48'),(110,'admin','192.168.1.105','0','ç™»å½•æˆåŠŸ','2021-04-30 16:39:33'),(111,'admin','192.168.1.105','0','é€€å‡ºæˆåŠŸ','2021-04-30 16:48:30'),(112,'admin','192.168.1.105','0','ç™»å½•æˆåŠŸ','2021-04-30 16:49:23'),(113,'admin','192.168.1.105','0','é€€å‡ºæˆåŠŸ','2021-04-30 16:49:24'),(114,'admin','192.168.1.105','0','ç™»å½•æˆåŠŸ','2021-04-30 16:52:57'),(115,'admin','192.168.0.104','0','ç™»å½•æˆåŠŸ','2021-05-01 07:35:11'),(116,'admin','172.19.0.6','0','ç™»å½•æˆåŠŸ','2021-05-02 18:55:57'),(117,'admin','172.19.0.6','0','ç™»å½•æˆåŠŸ','2021-05-02 18:56:12'),(118,'admin','169.254.228.150','0','ç™»å½•æˆåŠŸ','2021-05-03 08:10:25'),(119,'admin','169.254.228.150','0','ç™»å½•æˆåŠŸ','2021-05-04 05:26:03'),(120,'admin','169.254.228.150','0','é€€å‡ºæˆåŠŸ','2021-05-04 05:31:58'),(121,'admin','169.254.228.150','0','ç™»å½•æˆåŠŸ','2021-05-04 05:32:02'),(122,'admin','169.254.228.150','0','ç™»å½•æˆåŠŸ','2021-05-04 08:04:56'),(123,'admin','172.19.0.8','0','ç™»å½•æˆåŠŸ','2021-05-06 05:44:48'),(124,'admin','172.19.0.8','0','ç™»å½•æˆåŠŸ','2021-05-06 05:45:53'),(125,'admin','172.19.0.8','0','ç™»å½•æˆåŠŸ','2021-05-06 05:46:04'),(126,'admin','172.19.0.8','0','ç™»å½•æˆåŠŸ','2021-05-06 05:46:53'),(127,'admin','172.19.0.8','0','ç™»å½•æˆåŠŸ','2021-05-06 05:47:41'),(128,'admin','172.19.0.8','0','ç™»å½•æˆåŠŸ','2021-05-06 05:48:05'),(129,'admin','172.19.0.8','0','ç™»å½•æˆåŠŸ','2021-05-06 05:49:33'),(130,'admin','169.254.228.150','0','ç™»å½•æˆåŠŸ','2021-05-06 08:29:12'),(131,'admin','172.18.0.11','0','ç™»å½•æˆåŠŸ','2021-05-06 15:07:33'),(132,'admin','192.168.1.105','0','é€€å‡ºæˆåŠŸ','2021-05-06 15:56:37'),(133,'ç‹æ˜','192.168.1.105','0','ç™»å½•æˆåŠŸ','2021-05-06 15:57:38'),(134,'ç‹æ˜','192.168.1.105','0','é€€å‡ºæˆåŠŸ','2021-05-06 16:10:01'),(135,'13326778347','192.168.1.105','0','ç™»å½•æˆåŠŸ','2021-05-06 16:10:18'),(136,'13326778347','192.168.1.105','0','é€€å‡ºæˆåŠŸ','2021-05-06 16:10:32'),(137,'admin','192.168.1.105','0','ç™»å½•æˆåŠŸ','2021-05-06 16:10:36'),(138,'admin','192.168.1.105','0','é€€å‡ºæˆåŠŸ','2021-05-06 16:35:33'),(139,'13326778347','192.168.1.105','0','ç™»å½•æˆåŠŸ','2021-05-06 16:35:52'),(140,'13326778347','192.168.1.105','0','é€€å‡ºæˆåŠŸ','2021-05-06 16:36:28'),(141,'admin','192.168.1.105','0','ç™»å½•æˆåŠŸ','2021-05-06 16:36:33'),(142,'admin','192.168.1.105','0','é€€å‡ºæˆåŠŸ','2021-05-06 16:37:40'),(143,'13326778347','192.168.1.105','0','ç™»å½•æˆåŠŸ','2021-05-06 16:37:56'),(144,'13326778347','192.168.1.105','0','é€€å‡ºæˆåŠŸ','2021-05-06 16:42:14'),(145,'13326778346','192.168.1.105','0','ç™»å½•æˆåŠŸ','2021-05-06 16:42:31'),(146,'13326778346','192.168.1.105','0','é€€å‡ºæˆåŠŸ','2021-05-06 17:07:24'),(147,'13326778348','192.168.1.105','0','ç™»å½•æˆåŠŸ','2021-05-06 17:07:40'),(148,'13326778348','192.168.1.105','0','é€€å‡ºæˆåŠŸ','2021-05-06 17:13:06'),(149,'admin','192.168.1.105','0','ç™»å½•æˆåŠŸ','2021-05-06 17:13:12'),(150,'admin','169.254.228.150','0','ç™»å½•æˆåŠŸ','2021-05-06 19:30:54'),(151,'admin','169.254.228.150','0','é€€å‡ºæˆåŠŸ','2021-05-06 19:31:52'),(152,'13326778346','169.254.228.150','0','ç™»å½•æˆåŠŸ','2021-05-06 19:32:25'),(153,'13326778346','169.254.228.150','0','é€€å‡ºæˆåŠŸ','2021-05-06 19:32:39'),(154,'13326778348','169.254.228.150','0','ç™»å½•æˆåŠŸ','2021-05-06 19:32:52'),(155,'13326778348','169.254.228.150','0','é€€å‡ºæˆåŠŸ','2021-05-06 19:33:46'),(156,'admin','169.254.228.150','0','ç™»å½•æˆåŠŸ','2021-05-06 19:33:51'),(157,'admin','169.254.228.150','0','é€€å‡ºæˆåŠŸ','2021-05-06 19:34:52'),(158,'13326778348','169.254.228.150','0','ç™»å½•æˆåŠŸ','2021-05-06 19:34:58'),(159,'13326778348','169.254.228.150','0','é€€å‡ºæˆåŠŸ','2021-05-06 19:35:17'),(160,'13326778348','169.254.228.150','0','ç™»å½•æˆåŠŸ','2021-05-06 19:36:30'),(161,'13326778348','169.254.228.150','0','é€€å‡ºæˆåŠŸ','2021-05-06 19:37:23'),(162,'13326778348','169.254.228.150','0','ç™»å½•æˆåŠŸ','2021-05-06 19:37:53'),(163,'13326778348','169.254.228.150','0','é€€å‡ºæˆåŠŸ','2021-05-06 19:39:39'),(164,'13326778348','169.254.228.150','0','ç™»å½•æˆåŠŸ','2021-05-06 19:39:53'),(165,'13326778348','169.254.228.150','0','é€€å‡ºæˆåŠŸ','2021-05-06 19:41:56'),(166,'admin','169.254.228.150','0','ç™»å½•æˆåŠŸ','2021-05-06 19:42:01'),(167,'admin','169.254.228.150','0','é€€å‡ºæˆåŠŸ','2021-05-06 19:44:46'),(168,'13326778348','169.254.228.150','0','ç™»å½•æˆåŠŸ','2021-05-06 19:45:04'),(169,'13326778348','169.254.228.150','0','é€€å‡ºæˆåŠŸ','2021-05-06 19:49:16'),(170,'13326778346','169.254.228.150','0','ç™»å½•æˆåŠŸ','2021-05-06 20:01:28'),(171,'13326778346','169.254.228.150','0','é€€å‡ºæˆåŠŸ','2021-05-06 20:03:51'),(172,'admin','169.254.228.150','0','ç™»å½•æˆåŠŸ','2021-05-06 20:03:56'),(173,'admin','169.254.228.150','0','é€€å‡ºæˆåŠŸ','2021-05-06 20:04:38'),(174,'13326778346','169.254.228.150','0','ç™»å½•æˆåŠŸ','2021-05-06 20:04:48'),(175,'admin','169.254.228.150','0','ç™»å½•æˆåŠŸ','2021-05-07 05:58:16'),(176,'admin','169.254.228.150','0','é€€å‡ºæˆåŠŸ','2021-05-07 05:58:34'),(177,'13326778348','169.254.228.150','0','ç™»å½•æˆåŠŸ','2021-05-07 05:58:47'),(178,'13326778348','169.254.228.150','0','é€€å‡ºæˆåŠŸ','2021-05-07 06:07:55'),(179,'admin','169.254.228.150','0','ç™»å½•æˆåŠŸ','2021-05-07 06:08:00'),(180,'admin','169.254.228.150','0','é€€å‡ºæˆåŠŸ','2021-05-07 06:08:00'),(181,'13326778348','169.254.228.150','0','ç™»å½•æˆåŠŸ','2021-05-07 06:08:28'),(182,'13326778348','169.254.228.150','0','é€€å‡ºæˆåŠŸ','2021-05-07 06:44:42'),(183,'xiaohong','169.254.228.150','0','ç™»å½•æˆåŠŸ','2021-05-07 06:44:51'),(184,'xiaohong','169.254.228.150','0','é€€å‡ºæˆåŠŸ','2021-05-07 06:46:01'),(185,'admin','169.254.228.150','0','ç™»å½•æˆåŠŸ','2021-05-07 06:46:08'),(186,'admin','169.254.228.150','0','é€€å‡ºæˆåŠŸ','2021-05-07 06:46:38'),(187,'xiaohong','169.254.228.150','0','ç™»å½•æˆåŠŸ','2021-05-07 06:47:04'),(188,'xiaohong','169.254.228.150','0','é€€å‡ºæˆåŠŸ','2021-05-07 06:49:00'),(189,'admin','169.254.228.150','0','ç™»å½•æˆåŠŸ','2021-05-07 06:49:05'),(190,'admin','169.254.228.150','0','ç™»å½•æˆåŠŸ','2021-05-07 06:57:49'),(191,'admin','169.254.228.150','0','é€€å‡ºæˆåŠŸ','2021-05-07 06:57:58'),(192,'xiaohong','169.254.228.150','0','ç™»å½•æˆåŠŸ','2021-05-07 06:58:07'),(193,'admin','192.168.1.105','0','ç™»å½•æˆåŠŸ','2021-05-08 10:26:41'),(194,'admin','192.168.1.105','0','é€€å‡ºæˆåŠŸ','2021-05-08 11:51:34'),(195,'admin','192.168.1.105','0','ç™»å½•æˆåŠŸ','2021-05-08 11:52:20'),(196,'admin','192.168.1.105','0','ç™»å½•æˆåŠŸ','2021-05-08 16:37:21'),(197,'admin','192.168.1.105','0','é€€å‡ºæˆåŠŸ','2021-05-08 17:33:51'),(198,'admin','192.168.1.105','0','ç™»å½•æˆåŠŸ','2021-05-08 18:00:19'),(199,'admin','169.254.228.150','0','ç™»å½•æˆåŠŸ','2021-05-09 00:15:34'),(200,'admin','169.254.228.150','0','é€€å‡ºæˆåŠŸ','2021-05-09 00:42:46'),(201,'admin','169.254.228.150','0','ç™»å½•æˆåŠŸ','2021-05-09 00:43:04'),(202,'admin','169.254.228.150','0','é€€å‡ºæˆåŠŸ','2021-05-09 00:43:29'),(203,'13326778346','169.254.228.150','0','ç™»å½•æˆåŠŸ','2021-05-09 00:43:41'),(204,'admin','169.254.228.150','0','ç™»å½•æˆåŠŸ','2021-05-10 06:22:54'),(205,'admin','169.254.228.150','0','ç™»å½•æˆåŠŸ','2021-05-10 06:23:27'),(206,'admin','169.254.228.150','0','ç™»å½•æˆåŠŸ','2021-05-10 20:51:48'),(207,'admin','169.254.228.150','0','ç™»å½•æˆåŠŸ','2021-05-11 05:09:32'),(208,'admin','192.168.1.105','0','ç™»å½•æˆåŠŸ','2021-05-13 10:34:18'),(209,'admin','192.168.1.105','0','ç™»å½•æˆåŠŸ','2021-05-14 14:53:15'),(210,'admin','169.254.228.150','0','ç™»å½•æˆåŠŸ','2021-05-14 20:22:49'),(211,'admin','169.254.228.150','0','ç™»å½•æˆåŠŸ','2021-05-16 05:24:00'),(212,'admin','169.254.228.150','0','ç™»å½•æˆåŠŸ','2021-05-16 06:24:08'),(213,'admin','169.254.228.150','0','ç™»å½•æˆåŠŸ','2021-05-16 15:58:14'),(214,'admin','169.254.228.150','0','ç™»å½•æˆåŠŸ','2021-05-17 05:01:13'),(215,'admin','192.168.1.105','0','ç™»å½•æˆåŠŸ','2021-05-17 09:31:16'),(216,'admin','192.168.1.105','0','ç™»å½•æˆåŠŸ','2021-05-18 10:25:20'),(217,'admin','192.168.1.105','0','ç™»å½•æˆåŠŸ','2021-05-19 09:39:46'),(218,'admin','192.168.1.105','0','ç™»å½•æˆåŠŸ','2021-05-20 09:18:40'),(219,'admin','192.168.1.105','0','ç™»å½•æˆåŠŸ','2021-05-20 14:06:09'),(220,'admin','192.168.1.105','0','ç™»å½•æˆåŠŸ','2021-05-21 11:40:47');

/*Table structure for table `sys_menu` */

DROP TABLE IF EXISTS `sys_menu`;

CREATE TABLE `sys_menu` (
  `menu_id` bigint(20) NOT NULL AUTO_INCREMENT COMMENT 'èœå•ID',
  `menu_name` varchar(50) NOT NULL COMMENT 'èœå•åç§°',
  `parent_id` bigint(20) DEFAULT '0' COMMENT 'çˆ¶èœå•ID',
  `order_num` int(4) DEFAULT '0' COMMENT 'æ˜¾ç¤ºé¡ºåº',
  `path` varchar(200) DEFAULT '' COMMENT 'è·¯ç”±åœ°å€',
  `component` varchar(255) DEFAULT NULL COMMENT 'ç»„ä»¶è·¯å¾„',
  `is_frame` int(1) DEFAULT '1' COMMENT 'æ˜¯å¦ä¸ºå¤–é“¾ï¼ˆ0æ˜¯ 1å¦ï¼‰',
  `is_cache` int(1) DEFAULT '0' COMMENT 'æ˜¯å¦ç¼“å­˜ï¼ˆ0ç¼“å­˜ 1ä¸ç¼“å­˜ï¼‰',
  `menu_type` char(1) DEFAULT '' COMMENT 'èœå•ç±»å‹ï¼ˆMç›®å½• Cèœå• FæŒ‰é’®ï¼‰',
  `visible` char(1) DEFAULT '0' COMMENT 'èœå•çŠ¶æ€ï¼ˆ0æ˜¾ç¤º 1éšè—ï¼‰',
  `status` char(1) DEFAULT '0' COMMENT 'èœå•çŠ¶æ€ï¼ˆ0æ­£å¸¸ 1åœç”¨ï¼‰',
  `perms` varchar(100) DEFAULT NULL COMMENT 'æƒé™æ ‡è¯†',
  `icon` varchar(100) DEFAULT '#' COMMENT 'èœå•å›¾æ ‡',
  `create_by` varchar(64) DEFAULT '' COMMENT 'åˆ›å»ºè€…',
  `create_time` datetime DEFAULT NULL COMMENT 'åˆ›å»ºæ—¶é—´',
  `update_by` varchar(64) DEFAULT '' COMMENT 'æ›´æ–°è€…',
  `update_time` datetime DEFAULT NULL COMMENT 'æ›´æ–°æ—¶é—´',
  `remark` varchar(500) DEFAULT '' COMMENT 'å¤‡æ³¨',
  PRIMARY KEY (`menu_id`)
) ENGINE=InnoDB AUTO_INCREMENT=1133 DEFAULT CHARSET=utf8 COMMENT='èœå•æƒé™è¡¨';

/*Data for the table `sys_menu` */

insert  into `sys_menu`(`menu_id`,`menu_name`,`parent_id`,`order_num`,`path`,`component`,`is_frame`,`is_cache`,`menu_type`,`visible`,`status`,`perms`,`icon`,`create_by`,`create_time`,`update_by`,`update_time`,`remark`) values (1,'ç³»ç»Ÿç®¡ç†',0,10,'system',NULL,1,0,'M','0','0','','system','admin','2021-04-26 11:56:41','admin','2021-05-08 10:54:54','ç³»ç»Ÿç®¡ç†ç›®å½•'),(2,'ç³»ç»Ÿç›‘æ§',0,11,'monitor',NULL,1,0,'M','0','0','','monitor','admin','2021-04-26 11:56:41','admin','2021-05-08 10:55:02','ç³»ç»Ÿç›‘æ§ç›®å½•'),(3,'ç³»ç»Ÿå·¥å…·',0,12,'tool',NULL,1,0,'M','0','0','','tool','admin','2021-04-26 11:56:41','admin','2021-05-08 10:55:08','ç³»ç»Ÿå·¥å…·ç›®å½•'),(100,'ç”¨æˆ·ç®¡ç†',1,1,'user','system/user/index',1,0,'C','0','0','system:user:list','user','admin','2021-04-26 11:56:41','',NULL,'ç”¨æˆ·ç®¡ç†èœå•'),(101,'è§’è‰²ç®¡ç†',1,2,'role','system/role/index',1,0,'C','0','0','system:role:list','peoples','admin','2021-04-26 11:56:41','',NULL,'è§’è‰²ç®¡ç†èœå•'),(102,'èœå•ç®¡ç†',1,3,'menu','system/menu/index',1,0,'C','0','0','system:menu:list','tree-table','admin','2021-04-26 11:56:41','',NULL,'èœå•ç®¡ç†èœå•'),(103,'éƒ¨é—¨ç®¡ç†',1,4,'dept','system/dept/index',1,0,'C','0','0','system:dept:list','tree','admin','2021-04-26 11:56:42','',NULL,'éƒ¨é—¨ç®¡ç†èœå•'),(104,'å²—ä½ç®¡ç†',1,5,'post','system/post/index',1,0,'C','0','0','system:post:list','post','admin','2021-04-26 11:56:42','',NULL,'å²—ä½ç®¡ç†èœå•'),(105,'å­—å…¸ç®¡ç†',1,6,'dict','system/dict/index',1,0,'C','0','0','system:dict:list','dict','admin','2021-04-26 11:56:42','',NULL,'å­—å…¸ç®¡ç†èœå•'),(106,'å‚æ•°è®¾ç½®',1,7,'config','system/config/index',1,0,'C','0','0','system:config:list','edit','admin','2021-04-26 11:56:42','',NULL,'å‚æ•°è®¾ç½®èœå•'),(107,'é€šçŸ¥å…¬å‘Š',1,9,'notice','system/notice/index',1,0,'C','0','0','system:notice:list','message','admin','2021-04-26 11:56:42','',NULL,'é€šçŸ¥å…¬å‘Šèœå•'),(108,'æ—¥å¿—ç®¡ç†',1,10,'log','',1,0,'M','0','0','','log','admin','2021-04-26 11:56:42','',NULL,'æ—¥å¿—ç®¡ç†èœå•'),(109,'åœ¨çº¿ç”¨æˆ·',2,1,'online','monitor/online/index',1,0,'C','0','0','monitor:online:list','online','admin','2021-04-26 11:56:42','',NULL,'åœ¨çº¿ç”¨æˆ·èœå•'),(110,'å®šæ—¶ä»»åŠ¡',2,2,'job','monitor/job/index',1,0,'C','0','0','monitor:job:list','job','admin','2021-04-26 11:56:42','',NULL,'å®šæ—¶ä»»åŠ¡èœå•'),(111,'Sentinelæ§åˆ¶å°',2,3,'http://localhost:8718','',1,0,'C','0','0','monitor:sentinel:list','sentinel','admin','2021-04-26 11:56:42','',NULL,'æµé‡æ§åˆ¶èœå•'),(112,'Nacosæ§åˆ¶å°',2,4,'http://localhost:8848/nacos','',1,0,'C','0','0','monitor:nacos:list','nacos','admin','2021-04-26 11:56:42','',NULL,'æœåŠ¡æ²»ç†èœå•'),(113,'Adminæ§åˆ¶å°',2,5,'http://localhost:9100/login','',1,0,'C','0','0','monitor:server:list','server','admin','2021-04-26 11:56:42','',NULL,'æœåŠ¡ç›‘æ§èœå•'),(114,'è¡¨å•æ„å»º',3,1,'build','tool/build/index',1,0,'C','0','0','tool:build:list','build','admin','2021-04-26 11:56:42','',NULL,'è¡¨å•æ„å»ºèœå•'),(115,'ä»£ç ç”Ÿæˆ',3,2,'gen','tool/gen/index',1,0,'C','0','0','tool:gen:list','code','admin','2021-04-26 11:56:42','',NULL,'ä»£ç ç”Ÿæˆèœå•'),(116,'ç³»ç»Ÿæ¥å£',3,3,'http://localhost:8080/swagger-ui.html','',1,0,'C','0','0','tool:swagger:list','swagger','admin','2021-04-26 11:56:42','',NULL,'ç³»ç»Ÿæ¥å£èœå•'),(500,'æ“ä½œæ—¥å¿—',108,1,'operlog','system/operlog/index',1,0,'C','0','0','system:operlog:list','form','admin','2021-04-26 11:56:42','',NULL,'æ“ä½œæ—¥å¿—èœå•'),(501,'ç™»å½•æ—¥å¿—',108,2,'logininfor','system/logininfor/index',1,0,'C','0','0','system:logininfor:list','logininfor','admin','2021-04-26 11:56:42','',NULL,'ç™»å½•æ—¥å¿—èœå•'),(1001,'ç”¨æˆ·æŸ¥è¯¢',100,1,'','',1,0,'F','0','0','system:user:query','#','admin','2021-04-26 11:56:42','',NULL,''),(1002,'ç”¨æˆ·æ–°å¢',100,2,'','',1,0,'F','0','0','system:user:add','#','admin','2021-04-26 11:56:42','',NULL,''),(1003,'ç”¨æˆ·ä¿®æ”¹',100,3,'','',1,0,'F','0','0','system:user:edit','#','admin','2021-04-26 11:56:42','',NULL,''),(1004,'ç”¨æˆ·åˆ é™¤',100,4,'','',1,0,'F','0','0','system:user:remove','#','admin','2021-04-26 11:56:42','',NULL,''),(1005,'ç”¨æˆ·å¯¼å‡º',100,5,'','',1,0,'F','0','0','system:user:export','#','admin','2021-04-26 11:56:43','',NULL,''),(1006,'ç”¨æˆ·å¯¼å…¥',100,6,'','',1,0,'F','0','0','system:user:import','#','admin','2021-04-26 11:56:43','',NULL,''),(1007,'é‡ç½®å¯†ç ',100,7,'','',1,0,'F','0','0','system:user:resetPwd','#','admin','2021-04-26 11:56:43','',NULL,''),(1008,'è§’è‰²æŸ¥è¯¢',101,1,'','',1,0,'F','0','0','system:role:query','#','admin','2021-04-26 11:56:43','',NULL,''),(1009,'è§’è‰²æ–°å¢',101,2,'','',1,0,'F','0','0','system:role:add','#','admin','2021-04-26 11:56:43','',NULL,''),(1010,'è§’è‰²ä¿®æ”¹',101,3,'','',1,0,'F','0','0','system:role:edit','#','admin','2021-04-26 11:56:43','',NULL,''),(1011,'è§’è‰²åˆ é™¤',101,4,'','',1,0,'F','0','0','system:role:remove','#','admin','2021-04-26 11:56:43','',NULL,''),(1012,'è§’è‰²å¯¼å‡º',101,5,'','',1,0,'F','0','0','system:role:export','#','admin','2021-04-26 11:56:43','',NULL,''),(1013,'èœå•æŸ¥è¯¢',102,1,'','',1,0,'F','0','0','system:menu:query','#','admin','2021-04-26 11:56:43','',NULL,''),(1014,'èœå•æ–°å¢',102,2,'','',1,0,'F','0','0','system:menu:add','#','admin','2021-04-26 11:56:43','',NULL,''),(1015,'èœå•ä¿®æ”¹',102,3,'','',1,0,'F','0','0','system:menu:edit','#','admin','2021-04-26 11:56:43','',NULL,''),(1016,'èœå•åˆ é™¤',102,4,'','',1,0,'F','0','0','system:menu:remove','#','admin','2021-04-26 11:56:43','',NULL,''),(1017,'éƒ¨é—¨æŸ¥è¯¢',103,1,'','',1,0,'F','0','0','system:dept:query','#','admin','2021-04-26 11:56:43','',NULL,''),(1018,'éƒ¨é—¨æ–°å¢',103,2,'','',1,0,'F','0','0','system:dept:add','#','admin','2021-04-26 11:56:43','',NULL,''),(1019,'éƒ¨é—¨ä¿®æ”¹',103,3,'','',1,0,'F','0','0','system:dept:edit','#','admin','2021-04-26 11:56:43','',NULL,''),(1020,'éƒ¨é—¨åˆ é™¤',103,4,'','',1,0,'F','0','0','system:dept:remove','#','admin','2021-04-26 11:56:43','',NULL,''),(1021,'å²—ä½æŸ¥è¯¢',104,1,'','',1,0,'F','0','0','system:post:query','#','admin','2021-04-26 11:56:43','',NULL,''),(1022,'å²—ä½æ–°å¢',104,2,'','',1,0,'F','0','0','system:post:add','#','admin','2021-04-26 11:56:43','',NULL,''),(1023,'å²—ä½ä¿®æ”¹',104,3,'','',1,0,'F','0','0','system:post:edit','#','admin','2021-04-26 11:56:43','',NULL,''),(1024,'å²—ä½åˆ é™¤',104,4,'','',1,0,'F','0','0','system:post:remove','#','admin','2021-04-26 11:56:43','',NULL,''),(1025,'å²—ä½å¯¼å‡º',104,5,'','',1,0,'F','0','0','system:post:export','#','admin','2021-04-26 11:56:43','',NULL,''),(1026,'å­—å…¸æŸ¥è¯¢',105,1,'#','',1,0,'F','0','0','system:dict:query','#','admin','2021-04-26 11:56:43','',NULL,''),(1027,'å­—å…¸æ–°å¢',105,2,'#','',1,0,'F','0','0','system:dict:add','#','admin','2021-04-26 11:56:43','',NULL,''),(1028,'å­—å…¸ä¿®æ”¹',105,3,'#','',1,0,'F','0','0','system:dict:edit','#','admin','2021-04-26 11:56:43','',NULL,''),(1029,'å­—å…¸åˆ é™¤',105,4,'#','',1,0,'F','0','0','system:dict:remove','#','admin','2021-04-26 11:56:43','',NULL,''),(1030,'å­—å…¸å¯¼å‡º',105,5,'#','',1,0,'F','0','0','system:dict:export','#','admin','2021-04-26 11:56:43','',NULL,''),(1031,'å‚æ•°æŸ¥è¯¢',106,1,'#','',1,0,'F','0','0','system:config:query','#','admin','2021-04-26 11:56:43','',NULL,''),(1032,'å‚æ•°æ–°å¢',106,2,'#','',1,0,'F','0','0','system:config:add','#','admin','2021-04-26 11:56:43','',NULL,''),(1033,'å‚æ•°ä¿®æ”¹',106,3,'#','',1,0,'F','0','0','system:config:edit','#','admin','2021-04-26 11:56:43','',NULL,''),(1034,'å‚æ•°åˆ é™¤',106,4,'#','',1,0,'F','0','0','system:config:remove','#','admin','2021-04-26 11:56:44','',NULL,''),(1035,'å‚æ•°å¯¼å‡º',106,5,'#','',1,0,'F','0','0','system:config:export','#','admin','2021-04-26 11:56:44','',NULL,''),(1041,'å…¬å‘ŠæŸ¥è¯¢',107,1,'#','',1,0,'F','0','0','system:notice:query','#','admin','2021-04-26 11:56:44','',NULL,''),(1042,'å…¬å‘Šæ–°å¢',107,2,'#','',1,0,'F','0','0','system:notice:add','#','admin','2021-04-26 11:56:44','',NULL,''),(1043,'å…¬å‘Šä¿®æ”¹',107,3,'#','',1,0,'F','0','0','system:notice:edit','#','admin','2021-04-26 11:56:44','',NULL,''),(1044,'å…¬å‘Šåˆ é™¤',107,4,'#','',1,0,'F','0','0','system:notice:remove','#','admin','2021-04-26 11:56:44','',NULL,''),(1045,'æ“ä½œæŸ¥è¯¢',500,1,'#','',1,0,'F','0','0','system:operlog:query','#','admin','2021-04-26 11:56:44','',NULL,''),(1046,'æ“ä½œåˆ é™¤',500,2,'#','',1,0,'F','0','0','system:operlog:remove','#','admin','2021-04-26 11:56:44','',NULL,''),(1047,'æ—¥å¿—å¯¼å‡º',500,4,'#','',1,0,'F','0','0','system:operlog:export','#','admin','2021-04-26 11:56:44','',NULL,''),(1048,'ç™»å½•æŸ¥è¯¢',501,1,'#','',1,0,'F','0','0','system:logininfor:query','#','admin','2021-04-26 11:56:44','',NULL,''),(1049,'ç™»å½•åˆ é™¤',501,2,'#','',1,0,'F','0','0','system:logininfor:remove','#','admin','2021-04-26 11:56:44','',NULL,''),(1050,'æ—¥å¿—å¯¼å‡º',501,3,'#','',1,0,'F','0','0','system:logininfor:export','#','admin','2021-04-26 11:56:44','',NULL,''),(1051,'åœ¨çº¿æŸ¥è¯¢',109,1,'#','',1,0,'F','0','0','monitor:online:query','#','admin','2021-04-26 11:56:44','',NULL,''),(1052,'æ‰¹é‡å¼ºé€€',109,2,'#','',1,0,'F','0','0','monitor:online:batchLogout','#','admin','2021-04-26 11:56:44','',NULL,''),(1053,'å•æ¡å¼ºé€€',109,3,'#','',1,0,'F','0','0','monitor:online:forceLogout','#','admin','2021-04-26 11:56:44','',NULL,''),(1054,'ä»»åŠ¡æŸ¥è¯¢',110,1,'#','',1,0,'F','0','0','monitor:job:query','#','admin','2021-04-26 11:56:44','',NULL,''),(1055,'ä»»åŠ¡æ–°å¢',110,2,'#','',1,0,'F','0','0','monitor:job:add','#','admin','2021-04-26 11:56:44','',NULL,''),(1056,'ä»»åŠ¡ä¿®æ”¹',110,3,'#','',1,0,'F','0','0','monitor:job:edit','#','admin','2021-04-26 11:56:44','',NULL,''),(1057,'ä»»åŠ¡åˆ é™¤',110,4,'#','',1,0,'F','0','0','monitor:job:remove','#','admin','2021-04-26 11:56:44','',NULL,''),(1058,'çŠ¶æ€ä¿®æ”¹',110,5,'#','',1,0,'F','0','0','monitor:job:changeStatus','#','admin','2021-04-26 11:56:44','',NULL,''),(1059,'ä»»åŠ¡å¯¼å‡º',110,7,'#','',1,0,'F','0','0','monitor:job:export','#','admin','2021-04-26 11:56:44','',NULL,''),(1060,'ç”ŸæˆæŸ¥è¯¢',115,1,'#','',1,0,'F','0','0','tool:gen:query','#','admin','2021-04-26 11:56:44','',NULL,''),(1061,'ç”Ÿæˆä¿®æ”¹',115,2,'#','',1,0,'F','0','0','tool:gen:edit','#','admin','2021-04-26 11:56:44','',NULL,''),(1062,'ç”Ÿæˆåˆ é™¤',115,3,'#','',1,0,'F','0','0','tool:gen:remove','#','admin','2021-04-26 11:56:44','',NULL,''),(1063,'å¯¼å…¥ä»£ç ',115,2,'#','',1,0,'F','0','0','tool:gen:import','#','admin','2021-04-26 11:56:44','',NULL,''),(1064,'é¢„è§ˆä»£ç ',115,4,'#','',1,0,'F','0','0','tool:gen:preview','#','admin','2021-04-26 11:56:44','',NULL,''),(1065,'ç”Ÿæˆä»£ç ',115,5,'#','',1,0,'F','0','0','tool:gen:code','#','admin','2021-04-26 11:56:44','',NULL,''),(1066,'åŸºç¡€èµ„æ–™',0,9,'info',NULL,1,0,'M','0','0',NULL,'form','admin','2021-05-08 10:56:45','',NULL,''),(1067,'å®¢æˆ·ç®¡ç†',1066,1,'customer','oms/customer/index',1,0,'C','0','0','oms:customer:list','#','admin','2021-05-08 11:01:50','',NULL,'å®¢æˆ·ç®¡ç†èœå•'),(1068,'å®¢æˆ·ä¿¡æ¯æŸ¥è¯¢',1067,1,'#','',1,0,'F','0','0','oms:customer:query','#','admin','2021-05-08 11:01:50','',NULL,''),(1069,'å®¢æˆ·ä¿¡æ¯æ–°å¢',1067,2,'#','',1,0,'F','0','0','oms:customer:add','#','admin','2021-05-08 11:01:50','',NULL,''),(1070,'å®¢æˆ·ä¿¡æ¯ä¿®æ”¹',1067,3,'#','',1,0,'F','0','0','oms:customer:edit','#','admin','2021-05-08 11:01:50','',NULL,''),(1071,'å®¢æˆ·ä¿¡æ¯åˆ é™¤',1067,4,'#','',1,0,'F','0','0','oms:customer:remove','#','admin','2021-05-08 11:01:50','',NULL,''),(1077,'ä¾›åº”å•†ç®¡ç†',1066,3,'supplier','oms/supplier/index',1,0,'C','0','0','oms:supplier:list','#','admin','2021-05-10 06:57:11','admin','2021-05-10 06:57:40','ä¾›åº”å•†ä¿¡æ¯èœå•'),(1078,'ä¾›åº”å•†ä¿¡æ¯æŸ¥è¯¢',1077,1,'#','',1,0,'F','0','0','oms:supplier:query','#','admin','2021-05-10 06:57:11','',NULL,''),(1079,'ä¾›åº”å•†ä¿¡æ¯æ–°å¢',1077,2,'#','',1,0,'F','0','0','oms:supplier:add','#','admin','2021-05-10 06:57:11','',NULL,''),(1080,'ä¾›åº”å•†ä¿¡æ¯ä¿®æ”¹',1077,3,'#','',1,0,'F','0','0','oms:supplier:edit','#','admin','2021-05-10 06:57:11','',NULL,''),(1081,'ä¾›åº”å•†ä¿¡æ¯åˆ é™¤',1077,4,'#','',1,0,'F','0','0','oms:supplier:remove','#','admin','2021-05-10 06:57:11','',NULL,''),(1082,'ä»“åº“ä¿¡æ¯',1066,3,'warehouse','oms/warehouse/index',1,0,'C','0','0','oms:warehouse:list','#','admin','2021-05-14 15:18:12','',NULL,'ä»“åº“ä¿¡æ¯èœå•'),(1083,'ä»“åº“ä¿¡æ¯æŸ¥è¯¢',1082,1,'#','',1,0,'F','0','0','oms:warehouse:query','#','admin','2021-05-14 15:18:12','',NULL,''),(1084,'ä»“åº“ä¿¡æ¯æ–°å¢',1082,2,'#','',1,0,'F','0','0','oms:warehouse:add','#','admin','2021-05-14 15:18:12','',NULL,''),(1085,'ä»“åº“ä¿¡æ¯ä¿®æ”¹',1082,3,'#','',1,0,'F','0','0','oms:warehouse:edit','#','admin','2021-05-14 15:18:12','',NULL,''),(1086,'ä»“åº“ä¿¡æ¯åˆ é™¤',1082,4,'#','',1,0,'F','0','0','oms:warehouse:remove','#','admin','2021-05-14 15:18:12','',NULL,''),(1087,'ä»“åº“ä¿¡æ¯å¯¼å‡º',1082,5,'#','',1,0,'F','0','0','oms:warehouse:export','#','admin','2021-05-14 15:18:12','',NULL,''),(1088,'å•†å“ç®¡ç†',0,8,'product',NULL,1,0,'M','0','0',NULL,'table','admin','2021-05-14 15:18:57','',NULL,''),(1089,'å•†å“åˆ†ç±»',1088,1,'category','oms/category/index',1,0,'C','0','0','oms:category:list','#','admin','2021-05-14 15:33:40','',NULL,'å•†å“åˆ†ç±»ä¿¡æ¯èœå•'),(1090,'å•†å“åˆ†ç±»ä¿¡æ¯æŸ¥è¯¢',1089,1,'#','',1,0,'F','0','0','oms:category:query','#','admin','2021-05-14 15:33:40','',NULL,''),(1091,'å•†å“åˆ†ç±»ä¿¡æ¯æ–°å¢',1089,2,'#','',1,0,'F','0','0','oms:category:add','#','admin','2021-05-14 15:33:40','',NULL,''),(1092,'å•†å“åˆ†ç±»ä¿¡æ¯ä¿®æ”¹',1089,3,'#','',1,0,'F','0','0','oms:category:edit','#','admin','2021-05-14 15:33:40','',NULL,''),(1093,'å•†å“åˆ†ç±»ä¿¡æ¯åˆ é™¤',1089,4,'#','',1,0,'F','0','0','oms:category:remove','#','admin','2021-05-14 15:33:40','',NULL,''),(1094,'å•†å“åˆ†ç±»ä¿¡æ¯å¯¼å‡º',1089,5,'#','',1,0,'F','0','0','oms:category:export','#','admin','2021-05-14 15:33:40','',NULL,''),(1095,'å•†å“è§„æ ¼',1088,2,'spec','oms/spec/index',1,0,'C','0','0','oms:spec:list','#','admin','2021-05-14 20:43:17','',NULL,'å•†å“è§„æ ¼èœå•'),(1096,'å•†å“è§„æ ¼æŸ¥è¯¢',1095,1,'#','',1,0,'F','0','0','oms:spec:query','#','admin','2021-05-14 20:43:17','',NULL,''),(1097,'å•†å“è§„æ ¼æ–°å¢',1095,2,'#','',1,0,'F','0','0','oms:spec:add','#','admin','2021-05-14 20:43:17','',NULL,''),(1098,'å•†å“è§„æ ¼ä¿®æ”¹',1095,3,'#','',1,0,'F','0','0','oms:spec:edit','#','admin','2021-05-14 20:43:17','',NULL,''),(1099,'å•†å“è§„æ ¼åˆ é™¤',1095,4,'#','',1,0,'F','0','0','oms:spec:remove','#','admin','2021-05-14 20:43:17','',NULL,''),(1100,'å•†å“ç®¡ç†',1088,3,'product','oms/product/index',1,0,'C','0','0','oms:product:list','#','admin','2021-05-15 06:18:51','',NULL,'å•†å“ä¿¡æ¯èœå•'),(1101,'å•†å“ä¿¡æ¯æŸ¥è¯¢',1100,1,'#','',1,0,'F','0','0','oms:product:query','#','admin','2021-05-15 06:18:51','',NULL,''),(1102,'å•†å“ä¿¡æ¯æ–°å¢',1100,2,'#','',1,0,'F','0','0','oms:product:add','#','admin','2021-05-15 06:18:51','',NULL,''),(1103,'å•†å“ä¿¡æ¯ä¿®æ”¹',1100,3,'#','',1,0,'F','0','0','oms:product:edit','#','admin','2021-05-15 06:18:51','',NULL,''),(1104,'å•†å“ä¿¡æ¯åˆ é™¤',1100,4,'#','',1,0,'F','0','0','oms:product:remove','#','admin','2021-05-15 06:18:51','',NULL,''),(1105,'å•†å“ä¿¡æ¯å¯¼å‡º',1100,5,'#','',1,0,'F','0','0','oms:product:export','#','admin','2021-05-15 06:18:51','',NULL,''),(1106,'é‡‡è´­ç®¡ç†',0,5,'purchase',NULL,1,0,'M','0','0',NULL,'client','admin','2021-05-16 05:42:23','',NULL,''),(1107,'é‡‡è´­è®¢å•',1106,1,'purchase','oms/purchaseOrder/index',1,0,'C','0','0','oms:purchase:list','#','admin','2021-05-16 05:46:42','admin','2021-05-16 06:20:53','é‡‡è´­è®¢å•èœå•'),(1108,'é‡‡è´­è®¢å•æŸ¥è¯¢',1107,1,'#','',1,0,'F','0','0','oms:purchase:query','#','admin','2021-05-16 05:46:42','',NULL,''),(1109,'é‡‡è´­è®¢å•æ–°å¢',1107,2,'#','',1,0,'F','0','0','oms:purchase:add','#','admin','2021-05-16 05:46:42','',NULL,''),(1110,'é‡‡è´­è®¢å•ä¿®æ”¹',1107,3,'#','',1,0,'F','0','0','oms:purchase:edit','#','admin','2021-05-16 05:46:42','',NULL,''),(1111,'é‡‡è´­è®¢å•åˆ é™¤',1107,4,'#','',1,0,'F','0','0','oms:purchase:remove','#','admin','2021-05-16 05:46:42','',NULL,''),(1112,'é‡‡è´­è®¢å•å¯¼å‡º',1107,5,'#','',1,0,'F','0','0','oms:purchase:export','#','admin','2021-05-16 05:46:42','',NULL,''),(1113,'é”€å”®ç®¡ç†',0,6,'sale',NULL,1,0,'M','0','0',NULL,'list','admin','2021-05-16 06:14:37','',NULL,''),(1114,'é”€å”®è®¢å•',1113,1,'order','oms/saleOrder/index',1,0,'C','0','0','oms:saleOrder:list','#','admin','2021-05-16 06:16:35','',NULL,'é”€å”®è®¢å•èœå•'),(1115,'é”€å”®è®¢å•æŸ¥è¯¢',1114,1,'#','',1,0,'F','0','0','oms:saleOrder:query','#','admin','2021-05-16 06:16:35','',NULL,''),(1116,'é”€å”®è®¢å•æ–°å¢',1114,2,'#','',1,0,'F','0','0','oms:saleOrder:add','#','admin','2021-05-16 06:16:35','',NULL,''),(1117,'é”€å”®è®¢å•ä¿®æ”¹',1114,3,'#','',1,0,'F','0','0','oms:saleOrder:edit','#','admin','2021-05-16 06:16:35','',NULL,''),(1118,'é”€å”®è®¢å•åˆ é™¤',1114,4,'#','',1,0,'F','0','0','oms:saleOrder:remove','#','admin','2021-05-16 06:16:35','',NULL,''),(1120,'åº“å­˜ç®¡ç†',0,7,'inventory',NULL,1,0,'M','0','0',NULL,'input','admin','2021-05-16 06:46:29','',NULL,''),(1121,'åº“å­˜ä¿¡æ¯',1120,1,'inventory','oms/inventory/index',1,0,'C','0','0','oms:inventory:list','#','admin','2021-05-16 06:48:08','',NULL,'åº“å­˜ä¿¡æ¯èœå•'),(1122,'åº“å­˜ä¿¡æ¯æŸ¥è¯¢',1121,1,'#','',1,0,'F','0','0','oms:inventory:query','#','admin','2021-05-16 06:48:08','',NULL,''),(1123,'åº“å­˜ä¿¡æ¯æ–°å¢',1121,2,'#','',1,0,'F','0','0','oms:inventory:add','#','admin','2021-05-16 06:48:08','',NULL,''),(1124,'åº“å­˜ä¿¡æ¯ä¿®æ”¹',1121,3,'#','',1,0,'F','0','0','oms:inventory:edit','#','admin','2021-05-16 06:48:08','',NULL,''),(1125,'åº“å­˜ä¿¡æ¯åˆ é™¤',1121,4,'#','',1,0,'F','0','0','oms:inventory:remove','#','admin','2021-05-16 06:48:08','',NULL,''),(1126,'åº“å­˜ä¿¡æ¯å¯¼å‡º',1121,5,'#','',1,0,'F','0','0','oms:inventory:export','#','admin','2021-05-16 06:48:08','',NULL,''),(1127,'åº“å­˜æ—¥å¿—',1120,2,'inventoryLog','oms/inventoryLog/index',1,0,'C','0','0','oms:inventoryLog:list','#','admin','2021-05-16 06:58:00','',NULL,'åº“å­˜æ“ä½œæ—¥å¿—èœå•'),(1128,'åº“å­˜æ“ä½œæ—¥å¿—æŸ¥è¯¢',1127,1,'#','',1,0,'F','0','0','oms:inventoryLog:query','#','admin','2021-05-16 06:58:00','',NULL,''),(1129,'åº“å­˜æ“ä½œæ—¥å¿—æ–°å¢',1127,2,'#','',1,0,'F','0','0','oms:inventoryLog:add','#','admin','2021-05-16 06:58:00','',NULL,''),(1130,'åº“å­˜æ“ä½œæ—¥å¿—ä¿®æ”¹',1127,3,'#','',1,0,'F','0','0','oms:inventoryLog:edit','#','admin','2021-05-16 06:58:00','',NULL,''),(1131,'åº“å­˜æ“ä½œæ—¥å¿—åˆ é™¤',1127,4,'#','',1,0,'F','0','0','oms:inventoryLog:remove','#','admin','2021-05-16 06:58:00','',NULL,''),(1132,'åº“å­˜æ“ä½œæ—¥å¿—å¯¼å‡º',1127,5,'#','',1,0,'F','0','0','oms:log:export','#','admin','2021-05-16 06:58:00','',NULL,'');

/*Table structure for table `sys_notice` */

DROP TABLE IF EXISTS `sys_notice`;

CREATE TABLE `sys_notice` (
  `notice_id` int(4) NOT NULL AUTO_INCREMENT COMMENT 'å…¬å‘ŠID',
  `notice_title` varchar(50) NOT NULL COMMENT 'å…¬å‘Šæ ‡é¢˜',
  `notice_type` char(1) NOT NULL COMMENT 'å…¬å‘Šç±»å‹ï¼ˆ1é€šçŸ¥ 2å…¬å‘Šï¼‰',
  `notice_content` longblob COMMENT 'å…¬å‘Šå†…å®¹',
  `status` char(1) DEFAULT '0' COMMENT 'å…¬å‘ŠçŠ¶æ€ï¼ˆ0æ­£å¸¸ 1å…³é—­ï¼‰',
  `create_by` varchar(64) DEFAULT '' COMMENT 'åˆ›å»ºè€…',
  `create_time` datetime DEFAULT NULL COMMENT 'åˆ›å»ºæ—¶é—´',
  `update_by` varchar(64) DEFAULT '' COMMENT 'æ›´æ–°è€…',
  `update_time` datetime DEFAULT NULL COMMENT 'æ›´æ–°æ—¶é—´',
  `remark` varchar(255) DEFAULT NULL COMMENT 'å¤‡æ³¨',
  `tenant_id` bigint(20) DEFAULT NULL COMMENT 'ç§Ÿæˆ·id',
  PRIMARY KEY (`notice_id`)
) ENGINE=InnoDB AUTO_INCREMENT=4 DEFAULT CHARSET=utf8 COMMENT='é€šçŸ¥å…¬å‘Šè¡¨';

/*Data for the table `sys_notice` */

insert  into `sys_notice`(`notice_id`,`notice_title`,`notice_type`,`notice_content`,`status`,`create_by`,`create_time`,`update_by`,`update_time`,`remark`,`tenant_id`) values (1,'æ¸©é¦¨æé†’ï¼š2018-07-01 è‹¥ä¾æ–°ç‰ˆæœ¬å‘å¸ƒå•¦','2','æ–°ç‰ˆæœ¬å†…å®¹','0','admin','2021-04-26 11:57:17','',NULL,'ç®¡ç†å‘˜',NULL),(2,'ç»´æŠ¤é€šçŸ¥ï¼š2018-07-01 è‹¥ä¾ç³»ç»Ÿå‡Œæ™¨ç»´æŠ¤','1','ç»´æŠ¤å†…å®¹','0','admin','2021-04-26 11:57:17','',NULL,'ç®¡ç†å‘˜',NULL),(3,'çœhg','1',NULL,'0','xiaohong','2021-05-07 08:11:57','',NULL,NULL,10);

/*Table structure for table `sys_oper_log` */

DROP TABLE IF EXISTS `sys_oper_log`;

CREATE TABLE `sys_oper_log` (
  `oper_id` bigint(20) NOT NULL AUTO_INCREMENT COMMENT 'æ—¥å¿—ä¸»é”®',
  `title` varchar(50) DEFAULT '' COMMENT 'æ¨¡å—æ ‡é¢˜',
  `business_type` int(2) DEFAULT '0' COMMENT 'ä¸šåŠ¡ç±»å‹ï¼ˆ0å…¶å®ƒ 1æ–°å¢ 2ä¿®æ”¹ 3åˆ é™¤ï¼‰',
  `method` varchar(100) DEFAULT '' COMMENT 'æ–¹æ³•åç§°',
  `request_method` varchar(10) DEFAULT '' COMMENT 'è¯·æ±‚æ–¹å¼',
  `operator_type` int(1) DEFAULT '0' COMMENT 'æ“ä½œç±»åˆ«ï¼ˆ0å…¶å®ƒ 1åå°ç”¨æˆ· 2æ‰‹æœºç«¯ç”¨æˆ·ï¼‰',
  `oper_name` varchar(50) DEFAULT '' COMMENT 'æ“ä½œäººå‘˜',
  `dept_name` varchar(50) DEFAULT '' COMMENT 'éƒ¨é—¨åç§°',
  `oper_url` varchar(255) DEFAULT '' COMMENT 'è¯·æ±‚URL',
  `oper_ip` varchar(128) DEFAULT '' COMMENT 'ä¸»æœºåœ°å€',
  `oper_location` varchar(255) DEFAULT '' COMMENT 'æ“ä½œåœ°ç‚¹',
  `oper_param` varchar(2000) DEFAULT '' COMMENT 'è¯·æ±‚å‚æ•°',
  `json_result` varchar(2000) DEFAULT '' COMMENT 'è¿”å›å‚æ•°',
  `status` int(1) DEFAULT '0' COMMENT 'æ“ä½œçŠ¶æ€ï¼ˆ0æ­£å¸¸ 1å¼‚å¸¸ï¼‰',
  `error_msg` varchar(2000) DEFAULT '' COMMENT 'é”™è¯¯æ¶ˆæ¯',
  `oper_time` datetime DEFAULT NULL COMMENT 'æ“ä½œæ—¶é—´',
  `tenant_id` bigint(20) DEFAULT NULL COMMENT 'ç§Ÿæˆ·id',
  PRIMARY KEY (`oper_id`)
) ENGINE=InnoDB AUTO_INCREMENT=136 DEFAULT CHARSET=utf8 COMMENT='æ“ä½œæ—¥å¿—è®°å½•';

/*Data for the table `sys_oper_log` */

insert  into `sys_oper_log`(`oper_id`,`title`,`business_type`,`method`,`request_method`,`operator_type`,`oper_name`,`dept_name`,`oper_url`,`oper_ip`,`oper_location`,`oper_param`,`json_result`,`status`,`error_msg`,`oper_time`,`tenant_id`) values (1,'ç”¨æˆ·ç®¡ç†',1,'com.ruoyi.system.controller.SysUserController.add()','POST',1,'admin',NULL,'/user','127.0.0.1','','{\"phonenumber\":\"15112121422\",\"admin\":false,\"password\":\"$2a$10$pCXkI0nObjcZzI1OuC5LiObP0Onevr5CJVDEYbAEFRSev9o0newWu\",\"postIds\":[4],\"nickName\":\"libai\",\"sex\":\"0\",\"deptId\":100,\"params\":{},\"userName\":\"æå°ç™½\",\"userId\":3,\"createBy\":\"admin\",\"roleIds\":[2],\"status\":\"0\"}','{\"msg\":\"æ“ä½œæˆåŠŸ\",\"code\":200}',0,NULL,'2021-04-30 17:02:22',NULL),(2,'ä»£ç ç”Ÿæˆ',6,'com.wms.gen.controller.GenController.importTableSave()','POST',1,'admin',NULL,'/gen/importTable','127.0.0.1','','wms_product','null',1,'nested exception is org.apache.ibatis.binding.BindingException: Parameter \'tableNames\' not found. Available parameters are [arg1, arg0, param1, param2]','2021-05-04 05:26:36',NULL),(3,'ä»£ç ç”Ÿæˆ',6,'com.wms.gen.controller.GenController.importTableSave()','POST',1,'admin',NULL,'/gen/importTable','127.0.0.1','','wms_product','null',1,'nested exception is org.apache.ibatis.binding.BindingException: Parameter \'tableNames\' not found. Available parameters are [arg1, arg0, param1, param2]','2021-05-04 05:26:40',NULL),(4,'ä»£ç ç”Ÿæˆ',6,'com.wms.gen.controller.GenController.importTableSave()','POST',1,'admin',NULL,'/gen/importTable','127.0.0.1','','wms_product','{\"msg\":\"æ“ä½œæˆåŠŸ\",\"code\":200}',0,NULL,'2021-05-04 05:32:51',NULL),(5,'ä»£ç ç”Ÿæˆ',3,'com.wms.gen.controller.GenController.remove()','DELETE',1,'admin',NULL,'/gen/1','127.0.0.1','',NULL,'{\"msg\":\"æ“ä½œæˆåŠŸ\",\"code\":200}',0,NULL,'2021-05-04 05:46:24',NULL),(6,'ä»£ç ç”Ÿæˆ',6,'com.wms.gen.controller.GenController.importTableSave()','POST',1,'admin',NULL,'/gen/importTable','127.0.0.1','','wms_product','{\"msg\":\"æ“ä½œæˆåŠŸ\",\"code\":200}',0,NULL,'2021-05-04 05:46:31',NULL),(7,'ä»£ç ç”Ÿæˆ',3,'com.wms.gen.controller.GenController.remove()','DELETE',1,'admin',NULL,'/gen/2','127.0.0.1','',NULL,'{\"msg\":\"æ“ä½œæˆåŠŸ\",\"code\":200}',0,NULL,'2021-05-04 05:51:15',NULL),(8,'ä»£ç ç”Ÿæˆ',6,'com.wms.gen.controller.GenController.importTableSave()','POST',1,'admin',NULL,'/gen/importTable','127.0.0.1','','wms_product','{\"msg\":\"æ“ä½œæˆåŠŸ\",\"code\":200}',0,NULL,'2021-05-04 05:51:20',NULL),(9,'ä»£ç ç”Ÿæˆ',3,'com.wms.gen.controller.GenController.remove()','DELETE',1,'admin',NULL,'/gen/3','127.0.0.1','',NULL,'{\"msg\":\"æ“ä½œæˆåŠŸ\",\"code\":200}',0,NULL,'2021-05-04 05:57:06',NULL),(10,'ä»£ç ç”Ÿæˆ',6,'com.wms.gen.controller.GenController.importTableSave()','POST',1,'admin',NULL,'/gen/importTable','127.0.0.1','','wms_product','{\"msg\":\"æ“ä½œæˆåŠŸ\",\"code\":200}',0,NULL,'2021-05-04 05:58:24',NULL),(11,'ä»£ç ç”Ÿæˆ',3,'com.wms.gen.controller.GenController.remove()','DELETE',1,'admin',NULL,'/gen/4','127.0.0.1','',NULL,'{\"msg\":\"æ“ä½œæˆåŠŸ\",\"code\":200}',0,NULL,'2021-05-04 06:04:51',NULL),(12,'ä»£ç ç”Ÿæˆ',6,'com.wms.gen.controller.GenController.importTableSave()','POST',1,'admin',NULL,'/gen/importTable','127.0.0.1','','wms_product','{\"msg\":\"æ“ä½œæˆåŠŸ\",\"code\":200}',0,NULL,'2021-05-04 06:04:56',NULL),(13,'èœå•ç®¡ç†',3,'com.wms.system.controller.SysMenuController.remove()','DELETE',1,'admin',NULL,'/menu/4','127.0.0.1','',NULL,'{\"msg\":\"èœå•å·²åˆ†é…,ä¸å…è®¸åˆ é™¤\",\"code\":500}',0,NULL,'2021-05-04 06:07:11',NULL),(14,'èœå•ç®¡ç†',3,'com.wms.system.controller.SysMenuController.remove()','DELETE',1,'admin',NULL,'/menu/4','127.0.0.1','',NULL,'{\"msg\":\"èœå•å·²åˆ†é…,ä¸å…è®¸åˆ é™¤\",\"code\":500}',0,NULL,'2021-05-04 06:07:21',NULL),(15,'ä»£ç ç”Ÿæˆ',3,'com.wms.gen.controller.GenController.remove()','DELETE',1,'admin',NULL,'/gen/5','127.0.0.1','',NULL,'{\"msg\":\"æ“ä½œæˆåŠŸ\",\"code\":200}',0,NULL,'2021-05-04 06:08:50',NULL),(16,'ä»£ç ç”Ÿæˆ',6,'com.wms.gen.controller.GenController.importTableSave()','POST',1,'admin',NULL,'/gen/importTable','127.0.0.1','','wms_product','{\"msg\":\"æ“ä½œæˆåŠŸ\",\"code\":200}',0,NULL,'2021-05-04 06:08:56',NULL),(17,'ä»£ç ç”Ÿæˆ',3,'com.wms.gen.controller.GenController.remove()','DELETE',1,'admin',NULL,'/gen/6','127.0.0.1','',NULL,'{\"msg\":\"æ“ä½œæˆåŠŸ\",\"code\":200}',0,NULL,'2021-05-04 07:34:21',NULL),(18,'ä»£ç ç”Ÿæˆ',6,'com.wms.gen.controller.GenController.importTableSave()','POST',1,'admin',NULL,'/gen/importTable','127.0.0.1','','wms_product','{\"msg\":\"æ“ä½œæˆåŠŸ\",\"code\":200}',0,NULL,'2021-05-04 07:34:25',NULL),(19,'ä»£ç ç”Ÿæˆ',3,'com.wms.gen.controller.GenController.remove()','DELETE',1,'admin',NULL,'/gen/7','127.0.0.1','',NULL,'{\"msg\":\"æ“ä½œæˆåŠŸ\",\"code\":200}',0,NULL,'2021-05-04 07:40:22',NULL),(20,'ä»£ç ç”Ÿæˆ',6,'com.wms.gen.controller.GenController.importTableSave()','POST',1,'admin',NULL,'/gen/importTable','127.0.0.1','','wms_product','{\"msg\":\"æ“ä½œæˆåŠŸ\",\"code\":200}',0,NULL,'2021-05-04 07:40:27',NULL),(21,'ä»£ç ç”Ÿæˆ',6,'com.wms.gen.controller.GenController.importTableSave()','POST',1,'admin',NULL,'/gen/importTable','127.0.0.1','','wms_address','{\"msg\":\"æ“ä½œæˆåŠŸ\",\"code\":200}',0,NULL,'2021-05-06 05:49:55',NULL),(22,'ç”¨æˆ·ç®¡ç†',2,'com.wms.system.controller.SysUserController.edit()','PUT',1,'admin',NULL,'/user','127.0.0.1','','{\"roles\":[{\"flag\":false,\"roleId\":2,\"admin\":false,\"dataScope\":\"2\",\"params\":{},\"roleSort\":\"2\",\"deptCheckStrictly\":false,\"menuCheckStrictly\":false,\"roleKey\":\"common\",\"roleName\":\"æ™®é€šè§’è‰²\",\"status\":\"0\"}],\"phonenumber\":\"13326778346\",\"admin\":false,\"delFlag\":\"0\",\"password\":\"\",\"updateBy\":\"admin\",\"postIds\":[],\"loginIp\":\"\",\"email\":\"\",\"nickName\":\"é™ˆå“\",\"sex\":\"0\",\"avatar\":\"\",\"dept\":{\"deptId\":7,\"params\":{},\"children\":[]},\"params\":{},\"userName\":\"13326778346\",\"userId\":8,\"createBy\":\"13326778346\",\"roleIds\":[2],\"createTime\":1620290509000,\"tenantId\":10,\"status\":\"0\"}','{\"msg\":\"æ“ä½œæˆåŠŸ\",\"code\":200}',0,NULL,'2021-05-06 19:31:47',NULL),(23,'ç”¨æˆ·ç®¡ç†',2,'com.wms.system.controller.SysUserController.edit()','PUT',1,'admin',NULL,'/user','127.0.0.1','','{\"roles\":[{\"flag\":false,\"roleId\":2,\"admin\":false,\"dataScope\":\"2\",\"params\":{},\"roleSort\":\"2\",\"deptCheckStrictly\":false,\"menuCheckStrictly\":false,\"roleKey\":\"common\",\"roleName\":\"æ™®é€šè§’è‰²\",\"status\":\"0\"}],\"phonenumber\":\"13326778346\",\"admin\":false,\"delFlag\":\"0\",\"password\":\"\",\"updateBy\":\"admin\",\"postIds\":[],\"loginIp\":\"\",\"email\":\"\",\"nickName\":\"é™ˆå“\",\"sex\":\"0\",\"avatar\":\"\",\"params\":{},\"userName\":\"13326778346\",\"userId\":8,\"createBy\":\"13326778346\",\"roleIds\":[2],\"createTime\":1620290509000,\"tenantId\":10,\"status\":\"0\"}','{\"msg\":\"æ“ä½œæˆåŠŸ\",\"code\":200}',0,NULL,'2021-05-06 19:34:19',NULL),(24,'ç”¨æˆ·ç®¡ç†',2,'com.wms.system.controller.SysUserController.edit()','PUT',1,'admin',NULL,'/user','127.0.0.1','','{\"roles\":[{\"flag\":false,\"roleId\":2,\"admin\":false,\"dataScope\":\"2\",\"params\":{},\"roleSort\":\"2\",\"deptCheckStrictly\":false,\"menuCheckStrictly\":false,\"roleKey\":\"common\",\"roleName\":\"æ™®é€šè§’è‰²\",\"status\":\"0\"}],\"phonenumber\":\"13326778346\",\"admin\":false,\"delFlag\":\"0\",\"password\":\"\",\"updateBy\":\"admin\",\"postIds\":[],\"loginIp\":\"\",\"email\":\"\",\"nickName\":\"é™ˆå“\",\"sex\":\"0\",\"avatar\":\"\",\"params\":{},\"userName\":\"13326778346\",\"userId\":8,\"createBy\":\"13326778346\",\"roleIds\":[2],\"createTime\":1620290509000,\"tenantId\":10,\"status\":\"0\"}','{\"msg\":\"æ“ä½œæˆåŠŸ\",\"code\":200}',0,NULL,'2021-05-06 19:34:25',NULL),(25,'ç”¨æˆ·ç®¡ç†',2,'com.wms.system.controller.SysUserController.edit()','PUT',1,'admin',NULL,'/user','127.0.0.1','','{\"roles\":[{\"flag\":false,\"roleId\":1,\"admin\":true,\"dataScope\":\"1\",\"params\":{},\"roleSort\":\"1\",\"deptCheckStrictly\":false,\"menuCheckStrictly\":false,\"roleKey\":\"admin\",\"roleName\":\"è¶…çº§ç®¡ç†å‘˜\",\"status\":\"0\"}],\"phonenumber\":\"13326778348\",\"admin\":false,\"delFlag\":\"0\",\"password\":\"\",\"updateBy\":\"admin\",\"postIds\":[],\"loginIp\":\"\",\"email\":\"\",\"nickName\":\"å³åœ¨\",\"sex\":\"0\",\"avatar\":\"\",\"params\":{},\"userName\":\"13326778348\",\"userId\":11,\"createBy\":\"13326778348\",\"roleIds\":[2],\"createTime\":1620292024000,\"tenantId\":10,\"status\":\"0\"}','{\"msg\":\"æ“ä½œæˆåŠŸ\",\"code\":200}',0,NULL,'2021-05-06 19:34:31',NULL),(26,'è§’è‰²ç®¡ç†',2,'com.wms.system.controller.SysRoleController.edit()','PUT',1,'admin',NULL,'/role','127.0.0.1','','{\"flag\":false,\"roleId\":2,\"admin\":false,\"remark\":\"æ™®é€šè§’è‰²\",\"dataScope\":\"2\",\"delFlag\":\"0\",\"params\":{},\"roleSort\":\"2\",\"deptCheckStrictly\":true,\"createTime\":1619409400000,\"updateBy\":\"admin\",\"menuCheckStrictly\":true,\"roleKey\":\"common\",\"roleName\":\"æ™®é€šè§’è‰²\",\"menuIds\":[1,100,1001,1002,1003,1004,1005,1006,1007,103,1017,1018,1019,1020,104,1021,1022,1023,1024,1025,105,1026,1027,1028,1029,1030,107,1041,1042,1043,1044],\"status\":\"0\"}','{\"msg\":\"æ“ä½œæˆåŠŸ\",\"code\":200}',0,NULL,'2021-05-06 20:04:26',NULL),(27,'éƒ¨é—¨ç®¡ç†',1,'com.wms.system.controller.SysDeptController.add()','POST',1,'13326778346',NULL,'/dept','127.0.0.1','','{\"deptName\":\"è¡Œæ”¿éƒ¨\",\"leader\":\"æå¤§åœ°\",\"orderNum\":\"1\",\"params\":{},\"createBy\":\"13326778346\",\"children\":[],\"phone\":\"17112121522\",\"status\":\"0\"}','null',1,'','2021-05-06 20:09:16',NULL),(28,'éƒ¨é—¨ç®¡ç†',1,'com.wms.system.controller.SysDeptController.add()','POST',1,'13326778348',NULL,'/dept','127.0.0.1','','{\"deptName\":\"è¡Œæ”¿éƒ¨\",\"orderNum\":\"1\",\"params\":{},\"createBy\":\"13326778348\",\"children\":[],\"status\":\"0\"}','{\"msg\":\"æ“ä½œæˆåŠŸ\",\"code\":200}',0,NULL,'2021-05-07 05:59:08',NULL),(29,'éƒ¨é—¨ç®¡ç†',2,'com.wms.system.controller.SysDeptController.edit()','PUT',1,'13326778348',NULL,'/dept','127.0.0.1','','{\"deptName\":\"è¿…è…¾å…¬å¸\",\"deptId\":110,\"orderNum\":\"1\",\"delFlag\":\"0\",\"params\":{},\"parentId\":0,\"createBy\":\"13326778348\",\"children\":[],\"createTime\":1620338347000,\"updateBy\":\"13326778348\",\"ancestors\":\"0\",\"status\":\"0\"}','{\"msg\":\"æ“ä½œæˆåŠŸ\",\"code\":200}',0,NULL,'2021-05-07 06:09:24',NULL),(30,'éƒ¨é—¨ç®¡ç†',1,'com.wms.system.controller.SysDeptController.add()','POST',1,'13326778348',NULL,'/dept','127.0.0.1','','{\"deptName\":\"è¡Œæ”¿éƒ¨\",\"orderNum\":\"1\",\"params\":{},\"parentId\":110,\"createBy\":\"13326778348\",\"children\":[],\"ancestors\":\"0,110\",\"status\":\"0\"}','{\"msg\":\"æ“ä½œæˆåŠŸ\",\"code\":200}',0,NULL,'2021-05-07 06:09:35',NULL),(31,'éƒ¨é—¨ç®¡ç†',1,'com.wms.system.controller.SysDeptController.add()','POST',1,'13326778348',NULL,'/dept','127.0.0.1','','{\"deptName\":\"ä¿å®‰éƒ¨\",\"orderNum\":\"3\",\"params\":{},\"parentId\":111,\"createBy\":\"13326778348\",\"children\":[],\"ancestors\":\"0,110,111\",\"status\":\"0\"}','{\"msg\":\"æ“ä½œæˆåŠŸ\",\"code\":200}',0,NULL,'2021-05-07 06:09:52',NULL),(32,'éƒ¨é—¨ç®¡ç†',1,'com.wms.system.controller.SysDeptController.add()','POST',1,'13326778348',NULL,'/dept','127.0.0.1','','{\"deptName\":\"è´¢åŠ¡éƒ¨\",\"orderNum\":\"1\",\"params\":{},\"parentId\":110,\"createBy\":\"13326778348\",\"children\":[],\"ancestors\":\"0,110\",\"status\":\"0\"}','{\"msg\":\"æ“ä½œæˆåŠŸ\",\"code\":200}',0,NULL,'2021-05-07 06:10:03',NULL),(33,'å²—ä½ç®¡ç†',1,'com.wms.system.controller.SysPostController.add()','POST',1,'13326778348',NULL,'/post','127.0.0.1','','{\"postSort\":\"1\",\"flag\":false,\"postId\":5,\"params\":{},\"createBy\":\"13326778348\",\"postName\":\"åŠ©ç†\",\"postCode\":\"009\",\"status\":\"0\"}','{\"msg\":\"æ“ä½œæˆåŠŸ\",\"code\":200}',0,NULL,'2021-05-07 06:40:08',NULL),(34,'ç”¨æˆ·ç®¡ç†',1,'com.wms.system.controller.SysUserController.add()','POST',1,'13326778348',NULL,'/user','127.0.0.1','','{\"phonenumber\":\"13560359775\",\"admin\":false,\"password\":\"$2a$10$1sFuWSNNB4hG9RqFSGLQQebWXthDHqyZF0DcHH9Co7ECegU.CI2em\",\"postIds\":[5],\"nickName\":\"å°çº¢\",\"sex\":\"1\",\"deptId\":111,\"params\":{},\"userName\":\"xiaohong\",\"userId\":12,\"createBy\":\"13326778348\",\"roleIds\":[2],\"status\":\"0\"}','{\"msg\":\"æ“ä½œæˆåŠŸ\",\"code\":200}',0,NULL,'2021-05-07 06:41:03',NULL),(35,'ç”¨æˆ·ç®¡ç†',2,'com.wms.system.controller.SysUserController.resetPwd()','PUT',1,'13326778348',NULL,'/user/resetPwd','127.0.0.1','','{\"admin\":false,\"password\":\"$2a$10$5B63aQKinP.IEzae26cRN.M0EDeS1tU.WwSimTSp6VNZh5bq5sN8G\",\"updateBy\":\"13326778348\",\"params\":{},\"userId\":12}','{\"msg\":\"æ“ä½œæˆåŠŸ\",\"code\":200}',0,NULL,'2021-05-07 06:44:35',NULL),(36,'å­—å…¸ç±»å‹',1,'com.wms.system.controller.SysDictTypeController.add()','POST',1,'xiaohong',NULL,'/dict/type','127.0.0.1','','{\"createBy\":\"xiaohong\",\"dictName\":\"è´¦æˆ·çŠ¶æ€\",\"params\":{},\"dictType\":\"account_status\",\"status\":\"0\"}','{\"msg\":\"æ“ä½œæˆåŠŸ\",\"code\":200}',0,NULL,'2021-05-07 06:47:57',NULL),(37,'å­—å…¸æ•°æ®',1,'com.wms.system.controller.SysDictDataController.add()','POST',1,'xiaohong',NULL,'/dict/data','127.0.0.1','','{\"dictValue\":\"0\",\"dictSort\":0,\"params\":{},\"dictType\":\"account_status\",\"dictLabel\":\"åœç”¨\",\"createBy\":\"xiaohong\",\"default\":false,\"status\":\"0\"}','{\"msg\":\"æ“ä½œæˆåŠŸ\",\"code\":200}',0,NULL,'2021-05-07 06:48:28',NULL),(38,'å­—å…¸æ•°æ®',1,'com.wms.system.controller.SysDictDataController.add()','POST',1,'xiaohong',NULL,'/dict/data','127.0.0.1','','{\"dictValue\":\"1\",\"dictSort\":1,\"params\":{},\"dictType\":\"account_status\",\"dictLabel\":\"å¯ç”¨\",\"createBy\":\"xiaohong\",\"default\":false,\"status\":\"0\"}','{\"msg\":\"æ“ä½œæˆåŠŸ\",\"code\":200}',0,NULL,'2021-05-07 06:48:57',NULL),(39,'é€šçŸ¥å…¬å‘Š',1,'com.wms.system.controller.SysNoticeController.add()','POST',1,'xiaohong',NULL,'/notice','127.0.0.1','','{\"noticeType\":\"1\",\"params\":{},\"noticeTitle\":\"çœhg\",\"createBy\":\"xiaohong\",\"status\":\"0\"}','{\"msg\":\"æ“ä½œæˆåŠŸ\",\"code\":200}',0,NULL,'2021-05-07 08:11:58',NULL),(40,'ä»£ç ç”Ÿæˆ',6,'com.wms.gen.controller.GenController.importTableSave()','POST',1,'admin',NULL,'/gen/importTable','127.0.0.1','','wms_customer','{\"msg\":\"æ“ä½œæˆåŠŸ\",\"code\":200}',0,NULL,'2021-05-08 10:27:06',NULL),(41,'ä»£ç ç”Ÿæˆ',3,'com.wms.gen.controller.GenController.remove()','DELETE',1,'admin',NULL,'/gen/11','127.0.0.1','',NULL,'{\"msg\":\"æ“ä½œæˆåŠŸ\",\"code\":200}',0,NULL,'2021-05-08 10:47:50',NULL),(42,'ä»£ç ç”Ÿæˆ',6,'com.wms.gen.controller.GenController.importTableSave()','POST',1,'admin',NULL,'/gen/importTable','127.0.0.1','','wms_customer','{\"msg\":\"æ“ä½œæˆåŠŸ\",\"code\":200}',0,NULL,'2021-05-08 10:47:55',NULL),(43,'ä»£ç ç”Ÿæˆ',3,'com.wms.gen.controller.GenController.remove()','DELETE',1,'admin',NULL,'/gen/12','127.0.0.1','',NULL,'{\"msg\":\"æ“ä½œæˆåŠŸ\",\"code\":200}',0,NULL,'2021-05-08 10:53:51',NULL),(44,'ä»£ç ç”Ÿæˆ',6,'com.wms.gen.controller.GenController.importTableSave()','POST',1,'admin',NULL,'/gen/importTable','127.0.0.1','','wms_customer','{\"msg\":\"æ“ä½œæˆåŠŸ\",\"code\":200}',0,NULL,'2021-05-08 10:53:55',NULL),(45,'èœå•ç®¡ç†',2,'com.wms.system.controller.SysMenuController.edit()','PUT',1,'admin',NULL,'/menu','127.0.0.1','','{\"visible\":\"0\",\"icon\":\"system\",\"orderNum\":\"10\",\"menuName\":\"ç³»ç»Ÿç®¡ç†\",\"params\":{},\"parentId\":0,\"isCache\":\"0\",\"path\":\"system\",\"children\":[],\"createTime\":1619409401000,\"updateBy\":\"admin\",\"isFrame\":\"1\",\"menuId\":1,\"menuType\":\"M\",\"perms\":\"\",\"status\":\"0\"}','{\"msg\":\"æ“ä½œæˆåŠŸ\",\"code\":200}',0,NULL,'2021-05-08 10:54:54',NULL),(46,'èœå•ç®¡ç†',2,'com.wms.system.controller.SysMenuController.edit()','PUT',1,'admin',NULL,'/menu','127.0.0.1','','{\"visible\":\"0\",\"icon\":\"monitor\",\"orderNum\":\"11\",\"menuName\":\"ç³»ç»Ÿç›‘æ§\",\"params\":{},\"parentId\":0,\"isCache\":\"0\",\"path\":\"monitor\",\"children\":[],\"createTime\":1619409401000,\"updateBy\":\"admin\",\"isFrame\":\"1\",\"menuId\":2,\"menuType\":\"M\",\"perms\":\"\",\"status\":\"0\"}','{\"msg\":\"æ“ä½œæˆåŠŸ\",\"code\":200}',0,NULL,'2021-05-08 10:55:02',NULL),(47,'èœå•ç®¡ç†',2,'com.wms.system.controller.SysMenuController.edit()','PUT',1,'admin',NULL,'/menu','127.0.0.1','','{\"visible\":\"0\",\"icon\":\"tool\",\"orderNum\":\"12\",\"menuName\":\"ç³»ç»Ÿå·¥å…·\",\"params\":{},\"parentId\":0,\"isCache\":\"0\",\"path\":\"tool\",\"children\":[],\"createTime\":1619409401000,\"updateBy\":\"admin\",\"isFrame\":\"1\",\"menuId\":3,\"menuType\":\"M\",\"perms\":\"\",\"status\":\"0\"}','{\"msg\":\"æ“ä½œæˆåŠŸ\",\"code\":200}',0,NULL,'2021-05-08 10:55:08',NULL),(48,'èœå•ç®¡ç†',1,'com.wms.system.controller.SysMenuController.add()','POST',1,'admin',NULL,'/menu','127.0.0.1','','{\"visible\":\"0\",\"icon\":\"form\",\"orderNum\":\"9\",\"menuName\":\"åŸºç¡€èµ„æ–™\",\"params\":{},\"parentId\":0,\"isCache\":\"0\",\"path\":\"info\",\"createBy\":\"admin\",\"children\":[],\"isFrame\":\"1\",\"menuType\":\"M\",\"status\":\"0\"}','{\"msg\":\"æ“ä½œæˆåŠŸ\",\"code\":200}',0,NULL,'2021-05-08 10:56:45',NULL),(49,'èœå•ç®¡ç†',1,'com.wms.system.controller.SysMenuController.add()','POST',1,'admin',NULL,'/menu','127.0.0.1','','{\"visible\":\"1\",\"orderNum\":\"6\",\"menuName\":\"å®¢æˆ·ä¿¡æ¯ç¼–è¾‘\",\"params\":{},\"parentId\":1067,\"isCache\":\"0\",\"path\":\"/oms/customer/edit\",\"component\":\"/oms/customer/edit\",\"createBy\":\"admin\",\"children\":[],\"isFrame\":\"1\",\"menuType\":\"C\",\"status\":\"0\"}','{\"msg\":\"æ“ä½œæˆåŠŸ\",\"code\":200}',0,NULL,'2021-05-08 11:44:33',NULL),(50,'èœå•ç®¡ç†',2,'com.wms.system.controller.SysMenuController.edit()','PUT',1,'admin',NULL,'/menu','127.0.0.1','','{\"visible\":\"1\",\"icon\":\"#\",\"orderNum\":\"6\",\"menuName\":\"å®¢æˆ·ä¿¡æ¯ç¼–è¾‘\",\"params\":{},\"parentId\":1067,\"isCache\":\"0\",\"path\":\"customerEdit\",\"component\":\"/oms/customer/edit\",\"children\":[],\"createTime\":1620445473000,\"updateBy\":\"admin\",\"isFrame\":\"1\",\"menuId\":1073,\"menuType\":\"C\",\"perms\":\"\",\"status\":\"0\"}','{\"msg\":\"æ“ä½œæˆåŠŸ\",\"code\":200}',0,NULL,'2021-05-08 11:45:26',NULL),(51,'èœå•ç®¡ç†',2,'com.wms.system.controller.SysMenuController.edit()','PUT',1,'admin',NULL,'/menu','127.0.0.1','','{\"visible\":\"1\",\"icon\":\"#\",\"orderNum\":\"6\",\"menuName\":\"å®¢æˆ·ä¿¡æ¯ç¼–è¾‘\",\"params\":{},\"parentId\":1067,\"isCache\":\"0\",\"path\":\"customerEdit\",\"component\":\"oms/customer/edit\",\"children\":[],\"createTime\":1620445473000,\"updateBy\":\"admin\",\"isFrame\":\"1\",\"menuId\":1073,\"menuType\":\"C\",\"perms\":\"\",\"status\":\"0\"}','{\"msg\":\"æ“ä½œæˆåŠŸ\",\"code\":200}',0,NULL,'2021-05-08 11:45:34',NULL),(52,'èœå•ç®¡ç†',2,'com.wms.system.controller.SysMenuController.edit()','PUT',1,'admin',NULL,'/menu','127.0.0.1','','{\"visible\":\"1\",\"icon\":\"#\",\"orderNum\":\"6\",\"menuName\":\"å®¢æˆ·ä¿¡æ¯ç¼–è¾‘\",\"params\":{},\"parentId\":1067,\"isCache\":\"0\",\"path\":\"customerEdit\",\"component\":\"oms/customer/edit\",\"children\":[],\"createTime\":1620445473000,\"updateBy\":\"admin\",\"isFrame\":\"1\",\"menuId\":1073,\"menuType\":\"C\",\"perms\":\"\",\"status\":\"0\"}','{\"msg\":\"æ“ä½œæˆåŠŸ\",\"code\":200}',0,NULL,'2021-05-08 11:53:22',NULL),(53,'èœå•ç®¡ç†',3,'com.wms.system.controller.SysMenuController.remove()','DELETE',1,'admin',NULL,'/menu/1073','127.0.0.1','',NULL,'{\"msg\":\"æ“ä½œæˆåŠŸ\",\"code\":200}',0,NULL,'2021-05-08 15:49:03',NULL),(54,'èœå•ç®¡ç†',3,'com.wms.system.controller.SysMenuController.remove()','DELETE',1,'admin',NULL,'/menu/1072','127.0.0.1','',NULL,'{\"msg\":\"æ“ä½œæˆåŠŸ\",\"code\":200}',0,NULL,'2021-05-08 15:49:10',NULL),(55,'ä»£ç ç”Ÿæˆ',6,'com.wms.gen.controller.GenController.importTableSave()','POST',1,'admin',NULL,'/gen/importTable','127.0.0.1','','wms_customer_contacts','{\"msg\":\"æ“ä½œæˆåŠŸ\",\"code\":200}',0,NULL,'2021-05-08 18:00:41',NULL),(56,'è§’è‰²ç®¡ç†',2,'com.wms.system.controller.SysRoleController.edit()','PUT',1,'admin',NULL,'/role','127.0.0.1','','{\"flag\":false,\"roleId\":2,\"admin\":false,\"remark\":\"æ™®é€šè§’è‰²\",\"dataScope\":\"2\",\"delFlag\":\"0\",\"params\":{},\"roleSort\":\"2\",\"deptCheckStrictly\":true,\"createTime\":1619409400000,\"updateBy\":\"admin\",\"menuCheckStrictly\":true,\"roleKey\":\"common\",\"roleName\":\"æ™®é€šè§’è‰²\",\"menuIds\":[1,1066,1067,1068,1069,1070,1071,100,1001,1002,1003,1004,1005,1006,1007,103,1017,1018,1019,1020,104,1021,1022,1023,1024,1025,105,1026,1027,1028,1029,1030,107,1041,1042,1043,1044],\"status\":\"0\"}','{\"msg\":\"æ“ä½œæˆåŠŸ\",\"code\":200}',0,NULL,'2021-05-09 00:43:20',NULL),(57,'ä»£ç ç”Ÿæˆ',6,'com.wms.gen.controller.GenController.importTableSave()','POST',1,'admin',NULL,'/gen/importTable','127.0.0.1','','wms_worker','{\"msg\":\"æ“ä½œæˆåŠŸ\",\"code\":200}',0,NULL,'2021-05-10 06:25:25',NULL),(58,'ä»£ç ç”Ÿæˆ',6,'com.wms.gen.controller.GenController.importTableSave()','POST',1,'admin',NULL,'/gen/importTable','127.0.0.1','','wms_supplier,wms_supplier_contacts','{\"msg\":\"æ“ä½œæˆåŠŸ\",\"code\":200}',0,NULL,'2021-05-10 06:46:31',NULL),(59,'ä»£ç ç”Ÿæˆ',3,'com.wms.gen.controller.GenController.remove()','DELETE',1,'admin',NULL,'/gen/17','127.0.0.1','',NULL,'{\"msg\":\"æ“ä½œæˆåŠŸ\",\"code\":200}',0,NULL,'2021-05-10 06:51:46',NULL),(60,'ä»£ç ç”Ÿæˆ',3,'com.wms.gen.controller.GenController.remove()','DELETE',1,'admin',NULL,'/gen/16','127.0.0.1','',NULL,'{\"msg\":\"æ“ä½œæˆåŠŸ\",\"code\":200}',0,NULL,'2021-05-10 06:51:49',NULL),(61,'ä»£ç ç”Ÿæˆ',6,'com.wms.gen.controller.GenController.importTableSave()','POST',1,'admin',NULL,'/gen/importTable','127.0.0.1','','wms_supplier,wms_supplier_contacts','{\"msg\":\"æ“ä½œæˆåŠŸ\",\"code\":200}',0,NULL,'2021-05-10 06:51:59',NULL),(62,'èœå•ç®¡ç†',2,'com.wms.system.controller.SysMenuController.edit()','PUT',1,'admin',NULL,'/menu','127.0.0.1','','{\"visible\":\"0\",\"icon\":\"#\",\"orderNum\":\"3\",\"menuName\":\"ä¾›åº”å•†ç®¡ç†\",\"params\":{},\"parentId\":1066,\"isCache\":\"0\",\"path\":\"supplier\",\"component\":\"oms/supplier/index\",\"children\":[],\"createTime\":1620601031000,\"updateBy\":\"admin\",\"isFrame\":\"1\",\"menuId\":1077,\"menuType\":\"C\",\"perms\":\"oms:supplier:list\",\"status\":\"0\"}','{\"msg\":\"æ“ä½œæˆåŠŸ\",\"code\":200}',0,NULL,'2021-05-10 06:57:41',NULL),(63,'å­—å…¸ç±»å‹',1,'com.wms.system.controller.SysDictTypeController.add()','POST',1,'admin',NULL,'/dict/type','127.0.0.1','','{\"createBy\":\"admin\",\"dictName\":\"ä¾›åº”å•†ç±»åˆ«\",\"params\":{},\"dictType\":\"supplier_type\",\"status\":\"0\"}','{\"msg\":\"æ“ä½œæˆåŠŸ\",\"code\":200}',0,NULL,'2021-05-10 08:10:46',NULL),(64,'å­—å…¸æ•°æ®',1,'com.wms.system.controller.SysDictDataController.add()','POST',1,'admin',NULL,'/dict/data','127.0.0.1','','{\"dictValue\":\"1\",\"dictSort\":1,\"params\":{},\"dictType\":\"supplier_type\",\"dictLabel\":\"å¸ƒç±»\",\"createBy\":\"admin\",\"default\":false,\"status\":\"0\"}','{\"msg\":\"æ“ä½œæˆåŠŸ\",\"code\":200}',0,NULL,'2021-05-10 08:11:23',NULL),(65,'å­—å…¸æ•°æ®',1,'com.wms.system.controller.SysDictDataController.add()','POST',1,'admin',NULL,'/dict/data','127.0.0.1','','{\"dictValue\":\"2\",\"dictSort\":2,\"params\":{},\"dictType\":\"supplier_type\",\"dictLabel\":\"é‡‘å±\",\"createBy\":\"admin\",\"default\":false,\"status\":\"0\"}','{\"msg\":\"æ“ä½œæˆåŠŸ\",\"code\":200}',0,NULL,'2021-05-10 08:11:37',NULL),(66,'å­—å…¸æ•°æ®',1,'com.wms.system.controller.SysDictDataController.add()','POST',1,'admin',NULL,'/dict/data','127.0.0.1','','{\"dictValue\":\"3\",\"dictSort\":3,\"params\":{},\"dictType\":\"supplier_type\",\"dictLabel\":\"é…ä»¶\",\"createBy\":\"admin\",\"default\":false,\"status\":\"0\"}','{\"msg\":\"æ“ä½œæˆåŠŸ\",\"code\":200}',0,NULL,'2021-05-10 08:11:49',NULL),(67,'å­—å…¸æ•°æ®',1,'com.wms.system.controller.SysDictDataController.add()','POST',1,'admin',NULL,'/dict/data','127.0.0.1','','{\"dictValue\":\"4\",\"dictSort\":4,\"params\":{},\"dictType\":\"supplier_type\",\"dictLabel\":\"å¡‘æ–™\",\"createBy\":\"admin\",\"default\":false,\"status\":\"0\"}','{\"msg\":\"æ“ä½œæˆåŠŸ\",\"code\":200}',0,NULL,'2021-05-10 08:11:58',NULL),(68,'å­—å…¸ç±»å‹',1,'com.wms.system.controller.SysDictTypeController.add()','POST',1,'admin',NULL,'/dict/type','127.0.0.1','','{\"createBy\":\"admin\",\"dictName\":\"å®¢æˆ·ç±»åˆ«\",\"params\":{},\"dictType\":\"customer_type\",\"status\":\"0\"}','{\"msg\":\"æ“ä½œæˆåŠŸ\",\"code\":200}',0,NULL,'2021-05-10 08:12:46',NULL),(69,'å­—å…¸æ•°æ®',1,'com.wms.system.controller.SysDictDataController.add()','POST',1,'admin',NULL,'/dict/data','127.0.0.1','','{\"dictValue\":\"1\",\"dictSort\":1,\"params\":{},\"dictType\":\"customer_type\",\"dictLabel\":\"é›¶å”®\",\"createBy\":\"admin\",\"default\":false,\"status\":\"0\"}','{\"msg\":\"æ“ä½œæˆåŠŸ\",\"code\":200}',0,NULL,'2021-05-10 08:13:03',NULL),(70,'å­—å…¸æ•°æ®',1,'com.wms.system.controller.SysDictDataController.add()','POST',1,'admin',NULL,'/dict/data','127.0.0.1','','{\"dictValue\":\"2\",\"dictSort\":2,\"params\":{},\"dictType\":\"customer_type\",\"dictLabel\":\"æ•£æˆ·\",\"createBy\":\"admin\",\"default\":false,\"status\":\"0\"}','{\"msg\":\"æ“ä½œæˆåŠŸ\",\"code\":200}',0,NULL,'2021-05-10 08:13:41',NULL),(71,'å­—å…¸æ•°æ®',1,'com.wms.system.controller.SysDictDataController.add()','POST',1,'admin',NULL,'/dict/data','127.0.0.1','','{\"dictValue\":\"3\",\"dictSort\":3,\"params\":{},\"dictType\":\"customer_type\",\"dictLabel\":\"ä»£ç†å•†\",\"createBy\":\"admin\",\"default\":false,\"status\":\"0\"}','{\"msg\":\"æ“ä½œæˆåŠŸ\",\"code\":200}',0,NULL,'2021-05-10 08:13:59',NULL),(72,'å­—å…¸ç±»å‹',1,'com.wms.system.controller.SysDictTypeController.add()','POST',1,'admin',NULL,'/dict/type','127.0.0.1','','{\"createBy\":\"admin\",\"dictName\":\"è®¡é‡å•ä½\",\"params\":{},\"dictType\":\"unit\",\"status\":\"0\"}','{\"msg\":\"æ“ä½œæˆåŠŸ\",\"code\":200}',0,NULL,'2021-05-10 08:15:43',NULL),(73,'å­—å…¸æ•°æ®',1,'com.wms.system.controller.SysDictDataController.add()','POST',1,'admin',NULL,'/dict/data','127.0.0.1','','{\"dictValue\":\"1\",\"dictSort\":1,\"params\":{},\"dictType\":\"unit\",\"dictLabel\":\"å—\",\"createBy\":\"admin\",\"default\":false,\"status\":\"0\"}','{\"msg\":\"æ“ä½œæˆåŠŸ\",\"code\":200}',0,NULL,'2021-05-10 08:15:59',NULL),(74,'å­—å…¸æ•°æ®',1,'com.wms.system.controller.SysDictDataController.add()','POST',1,'admin',NULL,'/dict/data','127.0.0.1','','{\"dictValue\":\"2\",\"dictSort\":2,\"params\":{},\"dictType\":\"unit\",\"dictLabel\":\"kg\",\"createBy\":\"admin\",\"default\":false,\"status\":\"0\"}','{\"msg\":\"æ“ä½œæˆåŠŸ\",\"code\":200}',0,NULL,'2021-05-10 08:16:07',NULL),(75,'å­—å…¸æ•°æ®',1,'com.wms.system.controller.SysDictDataController.add()','POST',1,'admin',NULL,'/dict/data','127.0.0.1','','{\"dictValue\":\"3\",\"dictSort\":3,\"params\":{},\"dictType\":\"unit\",\"dictLabel\":\"ä»¶\",\"createBy\":\"admin\",\"default\":false,\"status\":\"0\"}','{\"msg\":\"æ“ä½œæˆåŠŸ\",\"code\":200}',0,NULL,'2021-05-10 08:16:17',NULL),(76,'å­—å…¸æ•°æ®',1,'com.wms.system.controller.SysDictDataController.add()','POST',1,'admin',NULL,'/dict/data','127.0.0.1','','{\"dictValue\":\"4\",\"dictSort\":4,\"params\":{},\"dictType\":\"unit\",\"dictLabel\":\"å¼ \",\"createBy\":\"admin\",\"default\":false,\"status\":\"0\"}','{\"msg\":\"æ“ä½œæˆåŠŸ\",\"code\":200}',0,NULL,'2021-05-10 08:16:27',NULL),(77,'å­—å…¸æ•°æ®',1,'com.wms.system.controller.SysDictDataController.add()','POST',1,'admin',NULL,'/dict/data','127.0.0.1','','{\"dictValue\":\"5\",\"dictSort\":5,\"params\":{},\"dictType\":\"unit\",\"dictLabel\":\"æ ¹\",\"createBy\":\"admin\",\"default\":false,\"status\":\"0\"}','{\"msg\":\"æ“ä½œæˆåŠŸ\",\"code\":200}',0,NULL,'2021-05-10 08:16:37',NULL),(78,'å­—å…¸æ•°æ®',1,'com.wms.system.controller.SysDictDataController.add()','POST',1,'admin',NULL,'/dict/data','127.0.0.1','','{\"dictValue\":\"6\",\"dictSort\":6,\"params\":{},\"dictType\":\"unit\",\"dictLabel\":\"ç®±\",\"createBy\":\"admin\",\"default\":false,\"status\":\"0\"}','{\"msg\":\"æ“ä½œæˆåŠŸ\",\"code\":200}',0,NULL,'2021-05-10 08:16:50',NULL),(79,'å­—å…¸ç±»å‹',1,'com.wms.system.controller.SysDictTypeController.add()','POST',1,'admin',NULL,'/dict/type','127.0.0.1','','{\"createBy\":\"admin\",\"dictName\":\"é¢œè‰²\",\"params\":{},\"dictType\":\"color\",\"status\":\"0\"}','{\"msg\":\"æ“ä½œæˆåŠŸ\",\"code\":200}',0,NULL,'2021-05-10 08:19:39',NULL),(80,'å­—å…¸æ•°æ®',1,'com.wms.system.controller.SysDictDataController.add()','POST',1,'admin',NULL,'/dict/data','127.0.0.1','','{\"dictValue\":\"1\",\"dictSort\":1,\"params\":{},\"dictType\":\"color\",\"dictLabel\":\"å¡å…¶\",\"createBy\":\"admin\",\"default\":false,\"status\":\"0\"}','{\"msg\":\"æ“ä½œæˆåŠŸ\",\"code\":200}',0,NULL,'2021-05-10 08:19:58',NULL),(81,'å­—å…¸æ•°æ®',1,'com.wms.system.controller.SysDictDataController.add()','POST',1,'admin',NULL,'/dict/data','127.0.0.1','','{\"dictValue\":\"2\",\"dictSort\":2,\"params\":{},\"dictType\":\"color\",\"dictLabel\":\"å’–å•¡\",\"createBy\":\"admin\",\"default\":false,\"status\":\"0\"}','{\"msg\":\"æ“ä½œæˆåŠŸ\",\"code\":200}',0,NULL,'2021-05-10 08:20:09',NULL),(82,'å­—å…¸æ•°æ®',1,'com.wms.system.controller.SysDictDataController.add()','POST',1,'admin',NULL,'/dict/data','127.0.0.1','','{\"dictValue\":\"3\",\"dictSort\":3,\"params\":{},\"dictType\":\"color\",\"dictLabel\":\"å®çŸ³è“\",\"createBy\":\"admin\",\"default\":false,\"status\":\"0\"}','{\"msg\":\"æ“ä½œæˆåŠŸ\",\"code\":200}',0,NULL,'2021-05-10 08:20:23',NULL),(83,'å­—å…¸æ•°æ®',1,'com.wms.system.controller.SysDictDataController.add()','POST',1,'admin',NULL,'/dict/data','127.0.0.1','','{\"dictValue\":\"4\",\"dictSort\":4,\"params\":{},\"dictType\":\"color\",\"dictLabel\":\"å®è“\",\"createBy\":\"admin\",\"default\":false,\"status\":\"0\"}','{\"msg\":\"æ“ä½œæˆåŠŸ\",\"code\":200}',0,NULL,'2021-05-10 08:20:32',NULL),(84,'å­—å…¸æ•°æ®',1,'com.wms.system.controller.SysDictDataController.add()','POST',1,'admin',NULL,'/dict/data','127.0.0.1','','{\"dictValue\":\"5\",\"dictSort\":5,\"params\":{},\"dictType\":\"color\",\"dictLabel\":\"æµ…æ£•è‰²\",\"createBy\":\"admin\",\"default\":false,\"status\":\"0\"}','{\"msg\":\"æ“ä½œæˆåŠŸ\",\"code\":200}',0,NULL,'2021-05-10 08:20:50',NULL),(85,'å­—å…¸æ•°æ®',1,'com.wms.system.controller.SysDictDataController.add()','POST',1,'admin',NULL,'/dict/data','127.0.0.1','','{\"dictValue\":\"6\",\"dictSort\":6,\"params\":{},\"dictType\":\"color\",\"dictLabel\":\"ç™½è‰²\",\"createBy\":\"admin\",\"default\":false,\"status\":\"0\"}','{\"msg\":\"æ“ä½œæˆåŠŸ\",\"code\":200}',0,NULL,'2021-05-10 08:21:09',NULL),(86,'å­—å…¸æ•°æ®',1,'com.wms.system.controller.SysDictDataController.add()','POST',1,'admin',NULL,'/dict/data','127.0.0.1','','{\"dictValue\":\"7\",\"dictSort\":7,\"params\":{},\"dictType\":\"color\",\"dictLabel\":\"ç²‰è‰²\",\"createBy\":\"admin\",\"default\":false,\"status\":\"0\"}','{\"msg\":\"æ“ä½œæˆåŠŸ\",\"code\":200}',0,NULL,'2021-05-10 08:21:19',NULL),(87,'å­—å…¸æ•°æ®',1,'com.wms.system.controller.SysDictDataController.add()','POST',1,'admin',NULL,'/dict/data','127.0.0.1','','{\"dictValue\":\"8\",\"dictSort\":8,\"params\":{},\"dictType\":\"color\",\"dictLabel\":\"é»‘è‰²\",\"createBy\":\"admin\",\"default\":false,\"status\":\"0\"}','{\"msg\":\"æ“ä½œæˆåŠŸ\",\"code\":200}',0,NULL,'2021-05-10 08:21:28',NULL),(88,'å­—å…¸æ•°æ®',1,'com.wms.system.controller.SysDictDataController.add()','POST',1,'admin',NULL,'/dict/data','127.0.0.1','','{\"dictValue\":\"9\",\"dictSort\":9,\"params\":{},\"dictType\":\"color\",\"dictLabel\":\"çº¢è‰²\",\"createBy\":\"admin\",\"default\":false,\"status\":\"0\"}','{\"msg\":\"æ“ä½œæˆåŠŸ\",\"code\":200}',0,NULL,'2021-05-10 08:21:43',NULL),(89,'å­—å…¸æ•°æ®',1,'com.wms.system.controller.SysDictDataController.add()','POST',1,'admin',NULL,'/dict/data','127.0.0.1','','{\"dictValue\":\"10\",\"dictSort\":10,\"params\":{},\"dictType\":\"color\",\"dictLabel\":\"è“è‰²\",\"createBy\":\"admin\",\"default\":false,\"status\":\"0\"}','{\"msg\":\"æ“ä½œæˆåŠŸ\",\"code\":200}',0,NULL,'2021-05-10 08:21:55',NULL),(90,'èœå•ç®¡ç†',3,'com.wms.system.controller.SysMenuController.remove()','DELETE',1,'admin',NULL,'/menu/1072','127.0.0.1','',NULL,'{\"msg\":\"å­˜åœ¨å­èœå•,ä¸å…è®¸åˆ é™¤\",\"code\":500}',0,NULL,'2021-05-11 04:10:38',NULL),(91,'èœå•ç®¡ç†',3,'com.wms.system.controller.SysMenuController.remove()','DELETE',1,'admin',NULL,'/menu/1073','127.0.0.1','',NULL,'{\"msg\":\"æ“ä½œæˆåŠŸ\",\"code\":200}',0,NULL,'2021-05-11 04:10:44',NULL),(92,'èœå•ç®¡ç†',3,'com.wms.system.controller.SysMenuController.remove()','DELETE',1,'admin',NULL,'/menu/1074','127.0.0.1','',NULL,'{\"msg\":\"æ“ä½œæˆåŠŸ\",\"code\":200}',0,NULL,'2021-05-11 04:10:47',NULL),(93,'èœå•ç®¡ç†',3,'com.wms.system.controller.SysMenuController.remove()','DELETE',1,'admin',NULL,'/menu/1075','127.0.0.1','',NULL,'{\"msg\":\"æ“ä½œæˆåŠŸ\",\"code\":200}',0,NULL,'2021-05-11 04:10:49',NULL),(94,'èœå•ç®¡ç†',3,'com.wms.system.controller.SysMenuController.remove()','DELETE',1,'admin',NULL,'/menu/1076','127.0.0.1','',NULL,'{\"msg\":\"æ“ä½œæˆåŠŸ\",\"code\":200}',0,NULL,'2021-05-11 04:10:51',NULL),(95,'èœå•ç®¡ç†',3,'com.wms.system.controller.SysMenuController.remove()','DELETE',1,'admin',NULL,'/menu/1072','127.0.0.1','',NULL,'{\"msg\":\"æ“ä½œæˆåŠŸ\",\"code\":200}',0,NULL,'2021-05-11 04:10:54',NULL),(96,'å­—å…¸ç±»å‹',1,'com.wms.system.controller.SysDictTypeController.add()','POST',1,'admin',NULL,'/dict/type','127.0.0.1','','{\"createBy\":\"admin\",\"dictName\":\"å®¢æˆ·ç­‰çº§\",\"params\":{},\"dictType\":\"customer_level\",\"status\":\"0\"}','{\"msg\":\"æ“ä½œæˆåŠŸ\",\"code\":200}',0,NULL,'2021-05-11 04:24:51',NULL),(97,'å­—å…¸æ•°æ®',1,'com.wms.system.controller.SysDictDataController.add()','POST',1,'admin',NULL,'/dict/data','127.0.0.1','','{\"dictValue\":\"1\",\"dictSort\":1,\"params\":{},\"dictType\":\"customer_level\",\"dictLabel\":\"æ™®é€šä¼šå‘˜\",\"createBy\":\"admin\",\"default\":false,\"status\":\"0\"}','{\"msg\":\"æ“ä½œæˆåŠŸ\",\"code\":200}',0,NULL,'2021-05-11 04:25:23',NULL),(98,'å­—å…¸æ•°æ®',1,'com.wms.system.controller.SysDictDataController.add()','POST',1,'admin',NULL,'/dict/data','127.0.0.1','','{\"dictValue\":\"2\",\"dictSort\":2,\"params\":{},\"dictType\":\"customer_level\",\"dictLabel\":\"VIPä¼šå‘˜\",\"createBy\":\"admin\",\"default\":false,\"status\":\"0\"}','{\"msg\":\"æ“ä½œæˆåŠŸ\",\"code\":200}',0,NULL,'2021-05-11 04:25:33',NULL),(99,'ä»£ç ç”Ÿæˆ',3,'com.wms.gen.controller.GenController.remove()','DELETE',1,'admin',NULL,'/gen/15','127.0.0.1','',NULL,'{\"msg\":\"æ“ä½œæˆåŠŸ\",\"code\":200}',0,NULL,'2021-05-14 15:17:11',NULL),(100,'ä»£ç ç”Ÿæˆ',6,'com.wms.gen.controller.GenController.importTableSave()','POST',1,'admin',NULL,'/gen/importTable','127.0.0.1','','wms_warehouse','{\"msg\":\"æ“ä½œæˆåŠŸ\",\"code\":200}',0,NULL,'2021-05-14 15:17:28',NULL),(101,'èœå•ç®¡ç†',1,'com.wms.system.controller.SysMenuController.add()','POST',1,'admin',NULL,'/menu','127.0.0.1','','{\"visible\":\"0\",\"icon\":\"table\",\"orderNum\":\"8\",\"menuName\":\"å•†å“ç®¡ç†\",\"params\":{},\"parentId\":0,\"isCache\":\"0\",\"path\":\"product\",\"createBy\":\"admin\",\"children\":[],\"isFrame\":\"1\",\"menuType\":\"M\",\"status\":\"0\"}','{\"msg\":\"æ“ä½œæˆåŠŸ\",\"code\":200}',0,NULL,'2021-05-14 15:18:57',NULL),(102,'ä»£ç ç”Ÿæˆ',6,'com.wms.gen.controller.GenController.importTableSave()','POST',1,'admin',NULL,'/gen/importTable','127.0.0.1','','wms_product_category','{\"msg\":\"æ“ä½œæˆåŠŸ\",\"code\":200}',0,NULL,'2021-05-14 15:27:00',NULL),(103,'ä»£ç ç”Ÿæˆ',3,'com.wms.gen.controller.GenController.remove()','DELETE',1,'admin',NULL,'/gen/21','127.0.0.1','',NULL,'{\"msg\":\"æ“ä½œæˆåŠŸ\",\"code\":200}',0,NULL,'2021-05-14 15:27:46',NULL),(104,'ä»£ç ç”Ÿæˆ',6,'com.wms.gen.controller.GenController.importTableSave()','POST',1,'admin',NULL,'/gen/importTable','127.0.0.1','','wms_product_category','{\"msg\":\"æ“ä½œæˆåŠŸ\",\"code\":200}',0,NULL,'2021-05-14 15:28:02',NULL),(105,'ä»£ç ç”Ÿæˆ',3,'com.wms.gen.controller.GenController.remove()','DELETE',1,'admin',NULL,'/gen/8','127.0.0.1','',NULL,'{\"msg\":\"æ“ä½œæˆåŠŸ\",\"code\":200}',0,NULL,'2021-05-14 20:37:44',NULL),(106,'ä»£ç ç”Ÿæˆ',3,'com.wms.gen.controller.GenController.remove()','DELETE',1,'admin',NULL,'/gen/9,10,13,14,18,19,20,22','127.0.0.1','',NULL,'{\"msg\":\"æ“ä½œæˆåŠŸ\",\"code\":200}',0,NULL,'2021-05-14 20:37:48',NULL),(107,'ä»£ç ç”Ÿæˆ',6,'com.wms.gen.controller.GenController.importTableSave()','POST',1,'admin',NULL,'/gen/importTable','127.0.0.1','','wms_product_spec','{\"msg\":\"æ“ä½œæˆåŠŸ\",\"code\":200}',0,NULL,'2021-05-14 20:37:59',NULL),(108,'ä»£ç ç”Ÿæˆ',3,'com.wms.gen.controller.GenController.remove()','DELETE',1,'admin',NULL,'/gen/23','127.0.0.1','',NULL,'{\"msg\":\"æ“ä½œæˆåŠŸ\",\"code\":200}',0,NULL,'2021-05-15 05:50:36',NULL),(109,'ä»£ç ç”Ÿæˆ',6,'com.wms.gen.controller.GenController.importTableSave()','POST',1,'admin',NULL,'/gen/importTable','127.0.0.1','','wms_product_sku','{\"msg\":\"æ“ä½œæˆåŠŸ\",\"code\":200}',0,NULL,'2021-05-15 05:50:52',NULL),(110,'ä»£ç ç”Ÿæˆ',6,'com.wms.gen.controller.GenController.importTableSave()','POST',1,'admin',NULL,'/gen/importTable','127.0.0.1','','wms_product','{\"msg\":\"æ“ä½œæˆåŠŸ\",\"code\":200}',0,NULL,'2021-05-15 06:17:47',NULL),(111,'ä»£ç ç”Ÿæˆ',3,'com.wms.gen.controller.GenController.remove()','DELETE',1,'admin',NULL,'/gen/24','127.0.0.1','',NULL,'{\"msg\":\"æ“ä½œæˆåŠŸ\",\"code\":200}',0,NULL,'2021-05-16 05:24:10',NULL),(112,'ä»£ç ç”Ÿæˆ',3,'com.wms.gen.controller.GenController.remove()','DELETE',1,'admin',NULL,'/gen/25','127.0.0.1','',NULL,'{\"msg\":\"æ“ä½œæˆåŠŸ\",\"code\":200}',0,NULL,'2021-05-16 05:24:11',NULL),(113,'ä»£ç ç”Ÿæˆ',6,'com.wms.gen.controller.GenController.importTableSave()','POST',1,'admin',NULL,'/gen/importTable','127.0.0.1','','wms_purchase_order','{\"msg\":\"æ“ä½œæˆåŠŸ\",\"code\":200}',0,NULL,'2021-05-16 05:24:22',NULL),(114,'ä»£ç ç”Ÿæˆ',3,'com.wms.gen.controller.GenController.remove()','DELETE',1,'admin',NULL,'/gen/26','127.0.0.1','',NULL,'{\"msg\":\"æ“ä½œæˆåŠŸ\",\"code\":200}',0,NULL,'2021-05-16 05:25:42',NULL),(115,'ä»£ç ç”Ÿæˆ',6,'com.wms.gen.controller.GenController.importTableSave()','POST',1,'admin',NULL,'/gen/importTable','127.0.0.1','','wms_purchase_order','{\"msg\":\"æ“ä½œæˆåŠŸ\",\"code\":200}',0,NULL,'2021-05-16 05:25:48',NULL),(116,'ä»£ç ç”Ÿæˆ',3,'com.wms.gen.controller.GenController.remove()','DELETE',1,'admin',NULL,'/gen/27','127.0.0.1','',NULL,'{\"msg\":\"æ“ä½œæˆåŠŸ\",\"code\":200}',0,NULL,'2021-05-16 05:33:46',NULL),(117,'ä»£ç ç”Ÿæˆ',6,'com.wms.gen.controller.GenController.importTableSave()','POST',1,'admin',NULL,'/gen/importTable','127.0.0.1','','wms_purchase_order','{\"msg\":\"æ“ä½œæˆåŠŸ\",\"code\":200}',0,NULL,'2021-05-16 05:33:51',NULL),(118,'èœå•ç®¡ç†',1,'com.wms.system.controller.SysMenuController.add()','POST',1,'admin',NULL,'/menu','127.0.0.1','','{\"visible\":\"0\",\"icon\":\"client\",\"orderNum\":\"5\",\"menuName\":\"é‡‡è´­ç®¡ç†\",\"params\":{},\"parentId\":0,\"isCache\":\"0\",\"path\":\"purchase\",\"createBy\":\"admin\",\"children\":[],\"isFrame\":\"1\",\"menuType\":\"M\",\"status\":\"0\"}','{\"msg\":\"æ“ä½œæˆåŠŸ\",\"code\":200}',0,NULL,'2021-05-16 05:42:24',NULL),(119,'ä»£ç ç”Ÿæˆ',6,'com.wms.gen.controller.GenController.importTableSave()','POST',1,'admin',NULL,'/gen/importTable','127.0.0.1','','wms_purchase_order_item','{\"msg\":\"æ“ä½œæˆåŠŸ\",\"code\":200}',0,NULL,'2021-05-16 05:55:10',NULL),(120,'ä»£ç ç”Ÿæˆ',3,'com.wms.gen.controller.GenController.remove()','DELETE',1,'admin',NULL,'/gen/28','127.0.0.1','',NULL,'{\"msg\":\"æ“ä½œæˆåŠŸ\",\"code\":200}',0,NULL,'2021-05-16 06:03:48',NULL),(121,'ä»£ç ç”Ÿæˆ',3,'com.wms.gen.controller.GenController.remove()','DELETE',1,'admin',NULL,'/gen/29','127.0.0.1','',NULL,'{\"msg\":\"æ“ä½œæˆåŠŸ\",\"code\":200}',0,NULL,'2021-05-16 06:03:53',NULL),(122,'ä»£ç ç”Ÿæˆ',6,'com.wms.gen.controller.GenController.importTableSave()','POST',1,'admin',NULL,'/gen/importTable','127.0.0.1','','wms_purchase_order_item','{\"msg\":\"æ“ä½œæˆåŠŸ\",\"code\":200}',0,NULL,'2021-05-16 06:04:03',NULL),(123,'ä»£ç ç”Ÿæˆ',3,'com.wms.gen.controller.GenController.remove()','DELETE',1,'admin',NULL,'/gen/30','127.0.0.1','',NULL,'{\"msg\":\"æ“ä½œæˆåŠŸ\",\"code\":200}',0,NULL,'2021-05-16 06:08:31',NULL),(124,'ä»£ç ç”Ÿæˆ',6,'com.wms.gen.controller.GenController.importTableSave()','POST',1,'admin',NULL,'/gen/importTable','127.0.0.1','','wms_sale_order','{\"msg\":\"æ“ä½œæˆåŠŸ\",\"code\":200}',0,NULL,'2021-05-16 06:08:40',NULL),(125,'èœå•ç®¡ç†',1,'com.wms.system.controller.SysMenuController.add()','POST',1,'admin',NULL,'/menu','127.0.0.1','','{\"visible\":\"0\",\"icon\":\"list\",\"orderNum\":\"6\",\"menuName\":\"é”€å”®ç®¡ç†\",\"params\":{},\"parentId\":0,\"isCache\":\"0\",\"path\":\"sale\",\"createBy\":\"admin\",\"children\":[],\"isFrame\":\"1\",\"menuType\":\"M\",\"status\":\"0\"}','{\"msg\":\"æ“ä½œæˆåŠŸ\",\"code\":200}',0,NULL,'2021-05-16 06:14:38',NULL),(126,'èœå•ç®¡ç†',2,'com.wms.system.controller.SysMenuController.edit()','PUT',1,'admin',NULL,'/menu','127.0.0.1','','{\"visible\":\"0\",\"icon\":\"#\",\"orderNum\":\"1\",\"menuName\":\"é‡‡è´­è®¢å•\",\"params\":{},\"parentId\":1106,\"isCache\":\"0\",\"path\":\"purchase\",\"component\":\"oms/purchaseOrder/index\",\"children\":[],\"createTime\":1621115202000,\"updateBy\":\"admin\",\"isFrame\":\"1\",\"menuId\":1107,\"menuType\":\"C\",\"perms\":\"oms:purchase:list\",\"status\":\"0\"}','{\"msg\":\"æ“ä½œæˆåŠŸ\",\"code\":200}',0,NULL,'2021-05-16 06:20:53',NULL),(127,'ä»£ç ç”Ÿæˆ',6,'com.wms.gen.controller.GenController.importTableSave()','POST',1,'admin',NULL,'/gen/importTable','127.0.0.1','','wms_sale_order_item','{\"msg\":\"æ“ä½œæˆåŠŸ\",\"code\":200}',0,NULL,'2021-05-16 06:34:33',NULL),(128,'ä»£ç ç”Ÿæˆ',6,'com.wms.gen.controller.GenController.importTableSave()','POST',1,'admin',NULL,'/gen/importTable','127.0.0.1','','wms_inventory','{\"msg\":\"æ“ä½œæˆåŠŸ\",\"code\":200}',0,NULL,'2021-05-16 06:38:08',NULL),(129,'ä»£ç ç”Ÿæˆ',3,'com.wms.gen.controller.GenController.remove()','DELETE',1,'admin',NULL,'/gen/33','127.0.0.1','',NULL,'{\"msg\":\"æ“ä½œæˆåŠŸ\",\"code\":200}',0,NULL,'2021-05-16 06:38:15',NULL),(130,'ä»£ç ç”Ÿæˆ',6,'com.wms.gen.controller.GenController.importTableSave()','POST',1,'admin',NULL,'/gen/importTable','127.0.0.1','','wms_inventory','{\"msg\":\"æ“ä½œæˆåŠŸ\",\"code\":200}',0,NULL,'2021-05-16 06:41:05',NULL),(131,'èœå•ç®¡ç†',1,'com.wms.system.controller.SysMenuController.add()','POST',1,'admin',NULL,'/menu','127.0.0.1','','{\"visible\":\"0\",\"icon\":\"input\",\"orderNum\":\"7\",\"menuName\":\"åº“å­˜ç®¡ç†\",\"params\":{},\"parentId\":0,\"isCache\":\"0\",\"path\":\"inventory\",\"createBy\":\"admin\",\"children\":[],\"isFrame\":\"1\",\"menuType\":\"M\",\"status\":\"0\"}','{\"msg\":\"æ“ä½œæˆåŠŸ\",\"code\":200}',0,NULL,'2021-05-16 06:46:29',NULL),(132,'ä»£ç ç”Ÿæˆ',6,'com.wms.gen.controller.GenController.importTableSave()','POST',1,'admin',NULL,'/gen/importTable','127.0.0.1','','wms_inventory_log','{\"msg\":\"æ“ä½œæˆåŠŸ\",\"code\":200}',0,NULL,'2021-05-16 06:49:58',NULL),(133,'ä»£ç ç”Ÿæˆ',3,'com.wms.gen.controller.GenController.remove()','DELETE',1,'admin',NULL,'/gen/35','127.0.0.1','',NULL,'{\"msg\":\"æ“ä½œæˆåŠŸ\",\"code\":200}',0,NULL,'2021-05-16 06:50:03',NULL),(134,'ä»£ç ç”Ÿæˆ',6,'com.wms.gen.controller.GenController.importTableSave()','POST',1,'admin',NULL,'/gen/importTable','127.0.0.1','','wms_inventory_log','{\"msg\":\"æ“ä½œæˆåŠŸ\",\"code\":200}',0,NULL,'2021-05-16 06:52:17',NULL),(135,'ä»£ç ç”Ÿæˆ',6,'com.wms.gen.controller.GenController.importTableSave()','POST',1,'admin',NULL,'/gen/importTable','127.0.0.1','','wms_purchase_order','{\"msg\":\"æ“ä½œæˆåŠŸ\",\"code\":200}',0,NULL,'2021-05-18 16:55:40',NULL);

/*Table structure for table `sys_post` */

DROP TABLE IF EXISTS `sys_post`;

CREATE TABLE `sys_post` (
  `post_id` bigint(20) NOT NULL AUTO_INCREMENT COMMENT 'å²—ä½ID',
  `post_code` varchar(64) NOT NULL COMMENT 'å²—ä½ç¼–ç ',
  `post_name` varchar(50) NOT NULL COMMENT 'å²—ä½åç§°',
  `post_sort` int(4) NOT NULL COMMENT 'æ˜¾ç¤ºé¡ºåº',
  `status` char(1) NOT NULL COMMENT 'çŠ¶æ€ï¼ˆ0æ­£å¸¸ 1åœç”¨ï¼‰',
  `create_by` varchar(64) DEFAULT '' COMMENT 'åˆ›å»ºè€…',
  `create_time` datetime DEFAULT NULL COMMENT 'åˆ›å»ºæ—¶é—´',
  `update_by` varchar(64) DEFAULT '' COMMENT 'æ›´æ–°è€…',
  `update_time` datetime DEFAULT NULL COMMENT 'æ›´æ–°æ—¶é—´',
  `remark` varchar(500) DEFAULT NULL COMMENT 'å¤‡æ³¨',
  `tenant_id` bigint(20) DEFAULT NULL COMMENT 'ç§Ÿæˆ·id',
  PRIMARY KEY (`post_id`)
) ENGINE=InnoDB AUTO_INCREMENT=6 DEFAULT CHARSET=utf8 COMMENT='å²—ä½ä¿¡æ¯è¡¨';

/*Data for the table `sys_post` */

insert  into `sys_post`(`post_id`,`post_code`,`post_name`,`post_sort`,`status`,`create_by`,`create_time`,`update_by`,`update_time`,`remark`,`tenant_id`) values (1,'ceo','è‘£äº‹é•¿',1,'0','admin','2021-04-26 11:56:38','',NULL,'',NULL),(2,'se','é¡¹ç›®ç»ç†',2,'0','admin','2021-04-26 11:56:38','',NULL,'',NULL),(3,'hr','äººåŠ›èµ„æº',3,'0','admin','2021-04-26 11:56:38','',NULL,'',NULL),(4,'user','æ™®é€šå‘˜å·¥',4,'0','admin','2021-04-26 11:56:38','',NULL,'',NULL),(5,'009','åŠ©ç†',1,'0','13326778348','2021-05-07 06:40:07','',NULL,NULL,10);

/*Table structure for table `sys_role` */

DROP TABLE IF EXISTS `sys_role`;

CREATE TABLE `sys_role` (
  `role_id` bigint(20) NOT NULL AUTO_INCREMENT COMMENT 'è§’è‰²ID',
  `role_name` varchar(30) NOT NULL COMMENT 'è§’è‰²åç§°',
  `role_key` varchar(100) NOT NULL COMMENT 'è§’è‰²æƒé™å­—ç¬¦ä¸²',
  `role_sort` int(4) NOT NULL COMMENT 'æ˜¾ç¤ºé¡ºåº',
  `data_scope` char(1) DEFAULT '1' COMMENT 'æ•°æ®èŒƒå›´ï¼ˆ1ï¼šå…¨éƒ¨æ•°æ®æƒé™ 2ï¼šè‡ªå®šæ•°æ®æƒé™ 3ï¼šæœ¬éƒ¨é—¨æ•°æ®æƒé™ 4ï¼šæœ¬éƒ¨é—¨åŠä»¥ä¸‹æ•°æ®æƒé™ï¼‰',
  `menu_check_strictly` tinyint(1) DEFAULT '1' COMMENT 'èœå•æ ‘é€‰æ‹©é¡¹æ˜¯å¦å…³è”æ˜¾ç¤º',
  `dept_check_strictly` tinyint(1) DEFAULT '1' COMMENT 'éƒ¨é—¨æ ‘é€‰æ‹©é¡¹æ˜¯å¦å…³è”æ˜¾ç¤º',
  `status` char(1) NOT NULL COMMENT 'è§’è‰²çŠ¶æ€ï¼ˆ0æ­£å¸¸ 1åœç”¨ï¼‰',
  `del_flag` char(1) DEFAULT '0' COMMENT 'åˆ é™¤æ ‡å¿—ï¼ˆ0ä»£è¡¨å­˜åœ¨ 2ä»£è¡¨åˆ é™¤ï¼‰',
  `create_by` varchar(64) DEFAULT '' COMMENT 'åˆ›å»ºè€…',
  `create_time` datetime DEFAULT NULL COMMENT 'åˆ›å»ºæ—¶é—´',
  `update_by` varchar(64) DEFAULT '' COMMENT 'æ›´æ–°è€…',
  `update_time` datetime DEFAULT NULL COMMENT 'æ›´æ–°æ—¶é—´',
  `remark` varchar(500) DEFAULT NULL COMMENT 'å¤‡æ³¨',
  PRIMARY KEY (`role_id`)
) ENGINE=InnoDB AUTO_INCREMENT=3 DEFAULT CHARSET=utf8 COMMENT='è§’è‰²ä¿¡æ¯è¡¨';

/*Data for the table `sys_role` */

insert  into `sys_role`(`role_id`,`role_name`,`role_key`,`role_sort`,`data_scope`,`menu_check_strictly`,`dept_check_strictly`,`status`,`del_flag`,`create_by`,`create_time`,`update_by`,`update_time`,`remark`) values (1,'è¶…çº§ç®¡ç†å‘˜','admin',1,'1',1,1,'0','0','admin','2021-04-26 11:56:40','',NULL,'è¶…çº§ç®¡ç†å‘˜'),(2,'æ™®é€šè§’è‰²','common',2,'2',1,1,'0','0','admin','2021-04-26 11:56:40','admin','2021-05-09 00:43:19','æ™®é€šè§’è‰²');

/*Table structure for table `sys_role_dept` */

DROP TABLE IF EXISTS `sys_role_dept`;

CREATE TABLE `sys_role_dept` (
  `role_id` bigint(20) NOT NULL COMMENT 'è§’è‰²ID',
  `dept_id` bigint(20) NOT NULL COMMENT 'éƒ¨é—¨ID',
  PRIMARY KEY (`role_id`,`dept_id`)
) ENGINE=InnoDB DEFAULT CHARSET=utf8 COMMENT='è§’è‰²å’Œéƒ¨é—¨å…³è”è¡¨';

/*Data for the table `sys_role_dept` */

insert  into `sys_role_dept`(`role_id`,`dept_id`) values (2,100),(2,101),(2,105);

/*Table structure for table `sys_role_menu` */

DROP TABLE IF EXISTS `sys_role_menu`;

CREATE TABLE `sys_role_menu` (
  `role_id` bigint(20) NOT NULL COMMENT 'è§’è‰²ID',
  `menu_id` bigint(20) NOT NULL COMMENT 'èœå•ID',
  PRIMARY KEY (`role_id`,`menu_id`)
) ENGINE=InnoDB DEFAULT CHARSET=utf8 COMMENT='è§’è‰²å’Œèœå•å…³è”è¡¨';

/*Data for the table `sys_role_menu` */

insert  into `sys_role_menu`(`role_id`,`menu_id`) values (2,1),(2,100),(2,103),(2,104),(2,105),(2,107),(2,1001),(2,1002),(2,1003),(2,1004),(2,1005),(2,1006),(2,1007),(2,1017),(2,1018),(2,1019),(2,1020),(2,1021),(2,1022),(2,1023),(2,1024),(2,1025),(2,1026),(2,1027),(2,1028),(2,1029),(2,1030),(2,1041),(2,1042),(2,1043),(2,1044),(2,1066),(2,1067),(2,1068),(2,1069),(2,1070),(2,1071);

/*Table structure for table `sys_tenant` */

DROP TABLE IF EXISTS `sys_tenant`;

CREATE TABLE `sys_tenant` (
  `id` int(11) NOT NULL AUTO_INCREMENT COMMENT 'ç§Ÿæˆ·ID',
  `name` varchar(255) DEFAULT NULL COMMENT 'ç§Ÿæˆ·åç§°',
  `nick_name` varchar(255) DEFAULT NULL COMMENT 'å§“å(æ˜µç§°)',
  `phone` varchar(64) DEFAULT NULL COMMENT 'æ‰‹æœºå·',
  `del_flag` bit(1) DEFAULT NULL COMMENT 'åˆ é™¤æ ‡è®°',
  `create_by` varchar(64) DEFAULT '' COMMENT 'åˆ›å»ºè€…',
  `create_time` datetime DEFAULT NULL COMMENT 'åˆ›å»ºæ—¶é—´',
  `update_by` varchar(64) DEFAULT '' COMMENT 'æ›´æ–°è€…',
  `update_time` datetime DEFAULT NULL COMMENT 'æ›´æ–°æ—¶é—´',
  `remark` varchar(500) DEFAULT NULL COMMENT 'å¤‡æ³¨',
  PRIMARY KEY (`id`)
) ENGINE=InnoDB AUTO_INCREMENT=11 DEFAULT CHARSET=utf8 COMMENT='ç§Ÿæˆ·ç®¡ç†';

/*Data for the table `sys_tenant` */

insert  into `sys_tenant`(`id`,`name`,`nick_name`,`phone`,`del_flag`,`create_by`,`create_time`,`update_by`,`update_time`,`remark`) values (6,'å¹¿ä¸œä½›å±±å¡å“‡ç§‘æŠ€','ç‹æ˜','13326778347','\0','13326778347','2021-05-06 16:33:38','',NULL,NULL),(7,'å¹¿ä¸œä½›å±±é›„éœ¸ç§‘æŠ€','é™ˆå“','13326778346','\0','13326778346','2021-05-06 16:41:50','',NULL,NULL),(10,'å¹¿ä¸œå¹¿å·ä¿¡æ¯ç§‘æŠ€','å³åœ¨','13326778348','\0','13326778348','2021-05-06 17:07:04','',NULL,NULL);

/*Table structure for table `sys_user` */

DROP TABLE IF EXISTS `sys_user`;

CREATE TABLE `sys_user` (
  `user_id` bigint(20) NOT NULL AUTO_INCREMENT COMMENT 'ç”¨æˆ·ID',
  `dept_id` bigint(20) DEFAULT NULL COMMENT 'éƒ¨é—¨ID',
  `user_name` varchar(30) NOT NULL COMMENT 'ç”¨æˆ·è´¦å·',
  `nick_name` varchar(30) NOT NULL COMMENT 'ç”¨æˆ·æ˜µç§°',
  `user_type` varchar(2) DEFAULT '00' COMMENT 'ç”¨æˆ·ç±»å‹ï¼ˆ00ç³»ç»Ÿç”¨æˆ·ï¼‰',
  `email` varchar(50) DEFAULT '' COMMENT 'ç”¨æˆ·é‚®ç®±',
  `phonenumber` varchar(11) DEFAULT '' COMMENT 'æ‰‹æœºå·ç ',
  `sex` char(1) DEFAULT '0' COMMENT 'ç”¨æˆ·æ€§åˆ«ï¼ˆ0ç”· 1å¥³ 2æœªçŸ¥ï¼‰',
  `avatar` varchar(100) DEFAULT '' COMMENT 'å¤´åƒåœ°å€',
  `password` varchar(100) DEFAULT '' COMMENT 'å¯†ç ',
  `status` char(1) DEFAULT '0' COMMENT 'å¸å·çŠ¶æ€ï¼ˆ0æ­£å¸¸ 1åœç”¨ï¼‰',
  `del_flag` char(1) DEFAULT '0' COMMENT 'åˆ é™¤æ ‡å¿—ï¼ˆ0ä»£è¡¨å­˜åœ¨ 2ä»£è¡¨åˆ é™¤ï¼‰',
  `login_ip` varchar(128) DEFAULT '' COMMENT 'æœ€åç™»å½•IP',
  `login_date` datetime DEFAULT NULL COMMENT 'æœ€åç™»å½•æ—¶é—´',
  `tenant_id` bigint(20) DEFAULT NULL COMMENT 'ç§Ÿæˆ·id',
  `create_by` varchar(64) DEFAULT '' COMMENT 'åˆ›å»ºè€…',
  `create_time` datetime DEFAULT NULL COMMENT 'åˆ›å»ºæ—¶é—´',
  `update_by` varchar(64) DEFAULT '' COMMENT 'æ›´æ–°è€…',
  `update_time` datetime DEFAULT NULL COMMENT 'æ›´æ–°æ—¶é—´',
  `remark` varchar(500) DEFAULT NULL COMMENT 'å¤‡æ³¨',
  PRIMARY KEY (`user_id`)
) ENGINE=InnoDB AUTO_INCREMENT=13 DEFAULT CHARSET=utf8 COMMENT='ç”¨æˆ·ä¿¡æ¯è¡¨';

/*Data for the table `sys_user` */

insert  into `sys_user`(`user_id`,`dept_id`,`user_name`,`nick_name`,`user_type`,`email`,`phonenumber`,`sex`,`avatar`,`password`,`status`,`del_flag`,`login_ip`,`login_date`,`tenant_id`,`create_by`,`create_time`,`update_by`,`update_time`,`remark`) values (1,103,'admin','è‹¥ä¾','00','ry@163.com','15888888888','1','','$2a$10$7JB720yubVSZvUI0rEqK/.VqGOZTH.ulu33dHOiBE8ByOhJIrdAu2','0','0','127.0.0.1','2021-04-26 11:56:37',NULL,'admin','2021-04-26 11:56:37','',NULL,'ç®¡ç†å‘˜'),(2,105,'ry','è‹¥ä¾','00','ry@qq.com','15666666666','1','','$2a$10$7JB720yubVSZvUI0rEqK/.VqGOZTH.ulu33dHOiBE8ByOhJIrdAu2','0','0','127.0.0.1','2021-04-26 11:56:37',NULL,'admin','2021-04-26 11:56:37','',NULL,'æµ‹è¯•å‘˜'),(3,100,'æå°ç™½','libai','00','','15112121422','0','','$2a$10$pCXkI0nObjcZzI1OuC5LiObP0Onevr5CJVDEYbAEFRSev9o0newWu','0','0','',NULL,NULL,'admin','2021-04-30 17:02:22','',NULL,NULL),(7,NULL,'13326778347','ç‹æ˜','00','','13326778347','0','','$2a$10$yLz2/cd6qfZEiSIbSY/uveKeHjy3mDDoEvshNEbpdLnKCDrBhXqTm','0','0','',NULL,6,'13326778347','2021-05-06 16:33:37','',NULL,NULL),(8,NULL,'13326778346','é™ˆå“','00','','13326778346','0','','$2a$10$X9ZXVTd6e6wVNV1le5AReeGv79ImBaK.6GLsfyW.55L8mvjgcyN2m','0','0','',NULL,10,'13326778346','2021-05-06 16:41:49','admin','2021-05-06 19:34:25',NULL),(11,NULL,'13326778348','å³åœ¨','00','','13326778348','0','','$2a$10$OHYwpHpdt5aC6VZlG8YWk.xlGhHEVxS1VrO8lNVuPV74JJAEPsqke','0','0','',NULL,10,'13326778348','2021-05-06 17:07:04','admin','2021-05-06 19:34:31',NULL),(12,NULL,'xiaohong','å°çº¢','00','','13560359775','1','','$2a$10$5B63aQKinP.IEzae26cRN.M0EDeS1tU.WwSimTSp6VNZh5bq5sN8G','0','0','',NULL,10,'13326778348','2021-05-07 06:41:03','13326778348','2021-05-07 06:44:34',NULL);

/*Table structure for table `sys_user_post` */

DROP TABLE IF EXISTS `sys_user_post`;

CREATE TABLE `sys_user_post` (
  `user_id` bigint(20) NOT NULL COMMENT 'ç”¨æˆ·ID',
  `post_id` bigint(20) NOT NULL COMMENT 'å²—ä½ID',
  PRIMARY KEY (`user_id`,`post_id`)
) ENGINE=InnoDB DEFAULT CHARSET=utf8 COMMENT='ç”¨æˆ·ä¸å²—ä½å…³è”è¡¨';

/*Data for the table `sys_user_post` */

insert  into `sys_user_post`(`user_id`,`post_id`) values (1,1),(2,2),(3,4),(12,5);

/*Table structure for table `sys_user_role` */

DROP TABLE IF EXISTS `sys_user_role`;

CREATE TABLE `sys_user_role` (
  `user_id` bigint(20) NOT NULL COMMENT 'ç”¨æˆ·ID',
  `role_id` bigint(20) NOT NULL COMMENT 'è§’è‰²ID',
  PRIMARY KEY (`user_id`,`role_id`)
) ENGINE=InnoDB DEFAULT CHARSET=utf8 COMMENT='ç”¨æˆ·å’Œè§’è‰²å…³è”è¡¨';

/*Data for the table `sys_user_role` */

insert  into `sys_user_role`(`user_id`,`role_id`) values (1,1),(2,2),(3,2),(7,2),(8,2),(11,2),(12,2);

/*!40101 SET SQL_MODE=@OLD_SQL_MODE */;
/*!40014 SET FOREIGN_KEY_CHECKS=@OLD_FOREIGN_KEY_CHECKS */;
/*!40014 SET UNIQUE_CHECKS=@OLD_UNIQUE_CHECKS */;
/*!40111 SET SQL_NOTES=@OLD_SQL_NOTES */;
